keyword,topic,page_type,indicator,geo,source,data_status,avg_monthly_searches,winnability_proxy,priority
gdp of maharashtra,economy,metric,gsdp,maharashtra,MoSPI NAS,ready,50000,1.0,4.699
gdp of tamil nadu,economy,metric,gsdp,tamil nadu,MoSPI NAS,ready,50000,1.0,4.699
tamil nadu gdp,economy,metric,gsdp,tamil nadu,MoSPI NAS,ready,50000,1.0,4.699
gdp of uttar pradesh,economy,metric,gsdp,uttar pradesh,MoSPI NAS,ready,50000,1.0,4.699
inflation calculator india,prices,national/release/tool,,india,MoSPI CPI/WPI,ready,5000,1.2000000000000002,4.439
inflation calculator rupee,prices,national/release/tool,,india,MoSPI CPI/WPI,ready,5000,1.2000000000000002,4.439
inflation rate in india,prices,national/release/tool,,india,MoSPI CPI/WPI,ready,50000,0.8,3.759
literacy rate of india,education,national/ranking,,india,MoSPI UDISE+/AISHE/NSS,ready,50000,0.8,3.759
india exports,trade,national/ranking,,india,DGCI&S TradeStat / RBI (MoSPI),ready,50000,0.8,3.759
india forex reserves,trade,national/ranking,,india,DGCI&S TradeStat / RBI (MoSPI),ready,50000,0.8,3.759
unemployment rate in kerala,labour,metric,unemployment-rate,kerala,MoSPI PLFS,ready,5000,1.0,3.699
gdp of andhra pradesh,economy,metric,gsdp,andhra pradesh,MoSPI NAS,ready,5000,1.0,3.699
assam gdp,economy,metric,gsdp,assam,MoSPI NAS,ready,5000,1.0,3.699
gdp of bihar,economy,metric,gsdp,bihar,MoSPI NAS,ready,5000,1.0,3.699
per capita income of bihar,economy,metric,per-capita-nsdp,bihar,MoSPI NAS,ready,5000,1.0,3.699
gdp of gujarat,economy,metric,gsdp,gujarat,MoSPI NAS,ready,5000,1.0,3.699
per capita income of gujarat,economy,metric,per-capita-nsdp,gujarat,MoSPI NAS,ready,5000,1.0,3.699
gdp of haryana,economy,metric,gsdp,haryana,MoSPI NAS,ready,5000,1.0,3.699
haryana gdp,economy,metric,gsdp,haryana,MoSPI NAS,ready,5000,1.0,3.699
per capita income of haryana,economy,metric,per-capita-nsdp,haryana,MoSPI NAS,ready,5000,1.0,3.699
gdp of jharkhand,economy,metric,gsdp,jharkhand,MoSPI NAS,ready,5000,1.0,3.699
jharkhand gdp,economy,metric,gsdp,jharkhand,MoSPI NAS,ready,5000,1.0,3.699
gdp of karnataka,economy,metric,gsdp,karnataka,MoSPI NAS,ready,5000,1.0,3.699
per capita income of karnataka,economy,metric,per-capita-nsdp,karnataka,MoSPI NAS,ready,5000,1.0,3.699
gdp of kerala,economy,metric,gsdp,kerala,MoSPI NAS,ready,5000,1.0,3.699
per capita income of kerala,economy,metric,per-capita-nsdp,kerala,MoSPI NAS,ready,5000,1.0,3.699
gdp of madhya pradesh,economy,metric,gsdp,madhya pradesh,MoSPI NAS,ready,5000,1.0,3.699
per capita income of maharashtra,economy,metric,per-capita-nsdp,maharashtra,MoSPI NAS,ready,5000,1.0,3.699
odisha gdp,economy,metric,gsdp,odisha,MoSPI NAS,ready,5000,1.0,3.699
gdp of punjab,economy,metric,gsdp,punjab,MoSPI NAS,ready,5000,1.0,3.699
punjab gdp,economy,metric,gsdp,punjab,MoSPI NAS,ready,5000,1.0,3.699
gdp of rajasthan,economy,metric,gsdp,rajasthan,MoSPI NAS,ready,5000,1.0,3.699
rajasthan gdp,economy,metric,gsdp,rajasthan,MoSPI NAS,ready,5000,1.0,3.699
gdp of telangana,economy,metric,gsdp,telangana,MoSPI NAS,ready,5000,1.0,3.699
telangana gdp,economy,metric,gsdp,telangana,MoSPI NAS,ready,5000,1.0,3.699
per capita income of uttar pradesh,economy,metric,per-capita-nsdp,uttar pradesh,MoSPI NAS,ready,5000,1.0,3.699
gdp of west bengal,economy,metric,gsdp,west bengal,MoSPI NAS,ready,5000,1.0,3.699
per capita income of west bengal,economy,metric,per-capita-nsdp,west bengal,MoSPI NAS,ready,5000,1.0,3.699
gdp of delhi,economy,metric,gsdp,delhi,MoSPI NAS,ready,5000,1.0,3.699
per capita income of delhi,economy,metric,per-capita-nsdp,delhi,MoSPI NAS,ready,5000,1.0,3.699
india exports to usa,trade,metric,exports-by-country,usa,DGCI&S TradeStat,ready,5000,1.0,3.699
india usa trade,trade,metric,total-trade-by-country,usa,DGCI&S TradeStat,ready,5000,1.0,3.699
india china trade,trade,metric,total-trade-by-country,china,DGCI&S TradeStat,ready,5000,1.0,3.699
india exports to australia,trade,metric,exports-by-country,australia,DGCI&S TradeStat,ready,5000,1.0,3.699
largest rice producing state in india,agriculture,ranking,rice-production,india,UPAg / data.gov.in,licence_check,5000,1.5,3.329
largest wheat producing state in india,agriculture,ranking,wheat-production,india,UPAg / data.gov.in,licence_check,5000,1.5,3.329
largest sugarcane producing state in india,agriculture,ranking,sugarcane-production,india,UPAg / data.gov.in,licence_check,5000,1.5,3.329
largest cotton producing state in india,agriculture,ranking,cotton-production,india,UPAg / data.gov.in,licence_check,5000,1.5,3.329
largest tea producing state in india,agriculture,ranking,tea-production,india,UPAg / data.gov.in,licence_check,5000,1.5,3.329
largest coffee producing state in india,agriculture,ranking,coffee-production,india,UPAg / data.gov.in,licence_check,5000,1.5,3.329
inflation rate in india 2026,prices,national/release/tool,,india,MoSPI CPI/WPI,ready,5000,0.8,2.959
cpi inflation india,prices,national/release/tool,,india,MoSPI CPI/WPI,ready,5000,0.8,2.959
consumer price index india,prices,national/release/tool,,india,MoSPI CPI/WPI,ready,5000,0.8,2.959
solar power capacity india,energy,national/ranking,,india,MoSPI MNRE,ready,5000,0.8,2.959
renewable energy capacity india,energy,national/ranking,,india,MoSPI MNRE,ready,5000,0.8,2.959
tax on petrol in india,fuel,national/ranking,,india,PPAC,ready,5000,0.8,2.959
india crude oil import,fuel,national/ranking,,india,PPAC,ready,5000,0.8,2.959
india crude oil production,fuel,national/ranking,,india,PPAC,ready,5000,0.8,2.959
india top exports,trade,national/ranking,,india,DGCI&S TradeStat / RBI (MoSPI),ready,5000,0.8,2.959
india trade deficit,trade,national/ranking,,india,DGCI&S TradeStat / RBI (MoSPI),ready,5000,0.8,2.959
unemployment rate in india,labour,national/ranking/release,,india,MoSPI PLFS,ready,50000,0.6,2.819
average salary in india,labour,national/ranking/release,,india,MoSPI PLFS,ready,50000,0.6,2.819
gdp of india,economy,national/ranking/release,,india,MoSPI NAS,ready,50000,0.6,2.819
india gdp 2026,economy,national/ranking/release,,india,MoSPI NAS,ready,50000,0.6,2.819
india gdp growth rate,economy,national/ranking/release,,india,MoSPI NAS,ready,50000,0.6,2.819
richest state in india,economy,national/ranking/release,,india,MoSPI NAS,ready,50000,0.6,2.819
per capita income of india,economy,national/ranking/release,,india,MoSPI NAS,ready,50000,0.6,2.819
population of andhra pradesh,population,metric,population,andhra pradesh,Census 2011 / projections,licence_check,50000,1.0,2.819
population of bihar,population,metric,population,bihar,Census 2011 / projections,licence_check,50000,1.0,2.819
literacy rate of bihar,population,metric,literacy-rate,bihar,Census 2011 / MoSPI NSS,licence_check,50000,1.0,2.819
population of karnataka,population,metric,population,karnataka,Census 2011 / projections,licence_check,50000,1.0,2.819
population of kerala,population,metric,population,kerala,Census 2011 / projections,licence_check,50000,1.0,2.819
population of maharashtra,population,metric,population,maharashtra,Census 2011 / projections,licence_check,50000,1.0,2.819
population of punjab,population,metric,population,punjab,Census 2011 / projections,licence_check,50000,1.0,2.819
population of tamil nadu,population,metric,population,tamil nadu,Census 2011 / projections,licence_check,50000,1.0,2.819
population of telangana,population,metric,population,telangana,Census 2011 / projections,licence_check,50000,1.0,2.819
population of uttar pradesh,population,metric,population,uttar pradesh,Census 2011 / projections,licence_check,50000,1.0,2.819
population of west bengal,population,metric,population,west bengal,Census 2011 / projections,licence_check,50000,1.0,2.819
population of delhi,population,metric,population,delhi,Census 2011 / projections,licence_check,50000,1.0,2.819
population of india,population/health,national/ranking,,india,Census 2011 / MoSPI,licence_check,500000,0.8,2.736
unemployment rate in assam,labour,metric,unemployment-rate,assam,MoSPI PLFS,ready,500,1.0,2.699
unemployment rate in bihar,labour,metric,unemployment-rate,bihar,MoSPI PLFS,ready,500,1.0,2.699
bihar unemployment rate,labour,metric,unemployment-rate,bihar,MoSPI PLFS,ready,500,1.0,2.699
unemployment rate in gujarat,labour,metric,unemployment-rate,gujarat,MoSPI PLFS,ready,500,1.0,2.699
unemployment rate in haryana,labour,metric,unemployment-rate,haryana,MoSPI PLFS,ready,500,1.0,2.699
haryana unemployment rate,labour,metric,unemployment-rate,haryana,MoSPI PLFS,ready,500,1.0,2.699
unemployment rate in karnataka,labour,metric,unemployment-rate,karnataka,MoSPI PLFS,ready,500,1.0,2.699
karnataka unemployment rate,labour,metric,unemployment-rate,karnataka,MoSPI PLFS,ready,500,1.0,2.699
unemployment rate in maharashtra,labour,metric,unemployment-rate,maharashtra,MoSPI PLFS,ready,500,1.0,2.699
unemployment rate in odisha,labour,metric,unemployment-rate,odisha,MoSPI PLFS,ready,500,1.0,2.699
unemployment rate in uttar pradesh,labour,metric,unemployment-rate,uttar pradesh,MoSPI PLFS,ready,500,1.0,2.699
unemployment rate in west bengal,labour,metric,unemployment-rate,west bengal,MoSPI PLFS,ready,500,1.0,2.699
west bengal unemployment rate,labour,metric,unemployment-rate,west bengal,MoSPI PLFS,ready,500,1.0,2.699
unemployment rate in jammu and kashmir,labour,metric,unemployment-rate,jammu and kashmir,MoSPI PLFS,ready,500,1.0,2.699
average salary in delhi,labour,metric,regular-wage-earnings,delhi,MoSPI PLFS,ready,500,1.0,2.699
inflation rate in kerala,prices,metric,cpi-inflation,kerala,MoSPI CPI,ready,500,1.0,2.699
per capita income of andhra pradesh,economy,metric,per-capita-nsdp,andhra pradesh,MoSPI NAS,ready,500,1.0,2.699
gdp of arunachal pradesh,economy,metric,gsdp,arunachal pradesh,MoSPI NAS,ready,500,1.0,2.699
arunachal pradesh gdp,economy,metric,gsdp,arunachal pradesh,MoSPI NAS,ready,500,1.0,2.699
per capita income of assam,economy,metric,per-capita-nsdp,assam,MoSPI NAS,ready,500,1.0,2.699
gdp of chhattisgarh,economy,metric,gsdp,chhattisgarh,MoSPI NAS,ready,500,1.0,2.699
chhattisgarh gdp,economy,metric,gsdp,chhattisgarh,MoSPI NAS,ready,500,1.0,2.699
per capita income of chhattisgarh,economy,metric,per-capita-nsdp,chhattisgarh,MoSPI NAS,ready,500,1.0,2.699
gdp of goa,economy,metric,gsdp,goa,MoSPI NAS,ready,500,1.0,2.699
goa gdp,economy,metric,gsdp,goa,MoSPI NAS,ready,500,1.0,2.699
per capita income of goa,economy,metric,per-capita-nsdp,goa,MoSPI NAS,ready,500,1.0,2.699
gdp of himachal pradesh,economy,metric,gsdp,himachal pradesh,MoSPI NAS,ready,500,1.0,2.699
himachal pradesh gdp,economy,metric,gsdp,himachal pradesh,MoSPI NAS,ready,500,1.0,2.699
per capita income of himachal pradesh,economy,metric,per-capita-nsdp,himachal pradesh,MoSPI NAS,ready,500,1.0,2.699
per capita income of jharkhand,economy,metric,per-capita-nsdp,jharkhand,MoSPI NAS,ready,500,1.0,2.699
per capita income of madhya pradesh,economy,metric,per-capita-nsdp,madhya pradesh,MoSPI NAS,ready,500,1.0,2.699
manipur gdp,economy,metric,gsdp,manipur,MoSPI NAS,ready,500,1.0,2.699
gdp of meghalaya,economy,metric,gsdp,meghalaya,MoSPI NAS,ready,500,1.0,2.699
meghalaya gdp,economy,metric,gsdp,meghalaya,MoSPI NAS,ready,500,1.0,2.699
mizoram gdp,economy,metric,gsdp,mizoram,MoSPI NAS,ready,500,1.0,2.699
nagaland gdp,economy,metric,gsdp,nagaland,MoSPI NAS,ready,500,1.0,2.699
gdp of odisha,economy,metric,gsdp,odisha,MoSPI NAS,ready,500,1.0,2.699
per capita income of odisha,economy,metric,per-capita-nsdp,odisha,MoSPI NAS,ready,500,1.0,2.699
per capita income of punjab,economy,metric,per-capita-nsdp,punjab,MoSPI NAS,ready,500,1.0,2.699
per capita income of rajasthan,economy,metric,per-capita-nsdp,rajasthan,MoSPI NAS,ready,500,1.0,2.699
gdp of sikkim,economy,metric,gsdp,sikkim,MoSPI NAS,ready,500,1.0,2.699
sikkim gdp,economy,metric,gsdp,sikkim,MoSPI NAS,ready,500,1.0,2.699
per capita income of sikkim,economy,metric,per-capita-nsdp,sikkim,MoSPI NAS,ready,500,1.0,2.699
per capita income of tamil nadu,economy,metric,per-capita-nsdp,tamil nadu,MoSPI NAS,ready,500,1.0,2.699
per capita income of telangana,economy,metric,per-capita-nsdp,telangana,MoSPI NAS,ready,500,1.0,2.699
gdp of tripura,economy,metric,gsdp,tripura,MoSPI NAS,ready,500,1.0,2.699
tripura gdp,economy,metric,gsdp,tripura,MoSPI NAS,ready,500,1.0,2.699
gdp of uttarakhand,economy,metric,gsdp,uttarakhand,MoSPI NAS,ready,500,1.0,2.699
uttarakhand gdp,economy,metric,gsdp,uttarakhand,MoSPI NAS,ready,500,1.0,2.699
per capita income of uttarakhand,economy,metric,per-capita-nsdp,uttarakhand,MoSPI NAS,ready,500,1.0,2.699
gdp of jammu and kashmir,economy,metric,gsdp,jammu and kashmir,MoSPI NAS,ready,500,1.0,2.699
per capita income of jammu and kashmir,economy,metric,per-capita-nsdp,jammu and kashmir,MoSPI NAS,ready,500,1.0,2.699
chandigarh gdp,economy,metric,gsdp,chandigarh,MoSPI NAS,ready,500,1.0,2.699
per capita income of chandigarh,economy,metric,per-capita-nsdp,chandigarh,MoSPI NAS,ready,500,1.0,2.699
assam gdp growth rate,economy,metric,gsdp-growth,assam,MoSPI NAS,ready,500,1.0,2.699
bihar gdp growth rate,economy,metric,gsdp-growth,bihar,MoSPI NAS,ready,500,1.0,2.699
gujarat gdp growth rate,economy,metric,gsdp-growth,gujarat,MoSPI NAS,ready,500,1.0,2.699
karnataka gdp growth rate,economy,metric,gsdp-growth,karnataka,MoSPI NAS,ready,500,1.0,2.699
kerala gdp growth rate,economy,metric,gsdp-growth,kerala,MoSPI NAS,ready,500,1.0,2.699
maharashtra gdp growth rate,economy,metric,gsdp-growth,maharashtra,MoSPI NAS,ready,500,1.0,2.699
tamil nadu gdp growth rate,economy,metric,gsdp-growth,tamil nadu,MoSPI NAS,ready,500,1.0,2.699
uttar pradesh gdp growth rate,economy,metric,gsdp-growth,uttar pradesh,MoSPI NAS,ready,500,1.0,2.699
west bengal gdp growth rate,economy,metric,gsdp-growth,west bengal,MoSPI NAS,ready,500,1.0,2.699
india imports from usa,trade,metric,imports-by-country,usa,DGCI&S TradeStat,ready,500,1.0,2.699
india exports to china,trade,metric,exports-by-country,china,DGCI&S TradeStat,ready,500,1.0,2.699
india imports from china,trade,metric,imports-by-country,china,DGCI&S TradeStat,ready,500,1.0,2.699
india exports to uae,trade,metric,exports-by-country,uae,DGCI&S TradeStat,ready,500,1.0,2.699
india uae trade,trade,metric,total-trade-by-country,uae,DGCI&S TradeStat,ready,500,1.0,2.699
india saudi arabia trade,trade,metric,total-trade-by-country,saudi arabia,DGCI&S TradeStat,ready,500,1.0,2.699
india exports to russia,trade,metric,exports-by-country,russia,DGCI&S TradeStat,ready,500,1.0,2.699
india imports from russia,trade,metric,imports-by-country,russia,DGCI&S TradeStat,ready,500,1.0,2.699
india russia trade,trade,metric,total-trade-by-country,russia,DGCI&S TradeStat,ready,500,1.0,2.699
india exports to uk,trade,metric,exports-by-country,uk,DGCI&S TradeStat,ready,500,1.0,2.699
india imports from uk,trade,metric,imports-by-country,uk,DGCI&S TradeStat,ready,500,1.0,2.699
india uk trade,trade,metric,total-trade-by-country,uk,DGCI&S TradeStat,ready,500,1.0,2.699
india germany trade,trade,metric,total-trade-by-country,germany,DGCI&S TradeStat,ready,500,1.0,2.699
india exports to bangladesh,trade,metric,exports-by-country,bangladesh,DGCI&S TradeStat,ready,500,1.0,2.699
india bangladesh trade,trade,metric,total-trade-by-country,bangladesh,DGCI&S TradeStat,ready,500,1.0,2.699
india imports from japan,trade,metric,imports-by-country,japan,DGCI&S TradeStat,ready,500,1.0,2.699
india japan trade,trade,metric,total-trade-by-country,japan,DGCI&S TradeStat,ready,500,1.0,2.699
india indonesia trade,trade,metric,total-trade-by-country,indonesia,DGCI&S TradeStat,ready,500,1.0,2.699
india imports from australia,trade,metric,imports-by-country,australia,DGCI&S TradeStat,ready,500,1.0,2.699
india australia trade,trade,metric,total-trade-by-country,australia,DGCI&S TradeStat,ready,500,1.0,2.699
india nepal trade,trade,metric,total-trade-by-country,nepal,DGCI&S TradeStat,ready,500,1.0,2.699
india brazil trade,trade,metric,total-trade-by-country,brazil,DGCI&S TradeStat,ready,500,1.0,2.699
india canada trade,trade,metric,total-trade-by-country,canada,DGCI&S TradeStat,ready,500,1.0,2.699
india turkey trade,trade,metric,total-trade-by-country,turkey,DGCI&S TradeStat,ready,500,1.0,2.699
maharashtra vs gujarat gdp,economy,comparison,gsdp,maharashtra|gujarat,MoSPI NAS,ready,50,1.5,2.548
maharashtra vs tamil nadu gdp,economy,comparison,gsdp,maharashtra|tamil nadu,MoSPI NAS,ready,50,1.5,2.548
gujarat vs tamil nadu gdp,economy,comparison,gsdp,gujarat|tamil nadu,MoSPI NAS,ready,50,1.5,2.548
gujarat vs tamil nadu per capita income,economy,comparison,per-capita-nsdp,gujarat|tamil nadu,MoSPI NAS,ready,50,1.5,2.548
karnataka vs tamil nadu gdp,economy,comparison,gsdp,karnataka|tamil nadu,MoSPI NAS,ready,50,1.5,2.548
kerala vs tamil nadu gdp,economy,comparison,gsdp,kerala|tamil nadu,MoSPI NAS,ready,50,1.5,2.548
karnataka vs maharashtra gdp,economy,comparison,gsdp,karnataka|maharashtra,MoSPI NAS,ready,50,1.5,2.548
telangana vs andhra pradesh gdp,economy,comparison,gsdp,telangana|andhra pradesh,MoSPI NAS,ready,50,1.5,2.548
punjab vs haryana gdp,economy,comparison,gsdp,punjab|haryana,MoSPI NAS,ready,50,1.5,2.548
delhi vs mumbai gdp,economy,comparison,gsdp,delhi|mumbai,MoSPI NAS,ready,50,1.5,2.548
largest maize producing state in india,agriculture,ranking,maize-production,india,UPAg / data.gov.in,licence_check,500,1.5,2.429
largest pulses producing state in india,agriculture,ranking,pulses-production,india,UPAg / data.gov.in,licence_check,500,1.5,2.429
largest groundnut producing state in india,agriculture,ranking,groundnut-production,india,UPAg / data.gov.in,licence_check,500,1.5,2.429
largest soybean producing state in india,agriculture,ranking,soybean-production,india,UPAg / data.gov.in,licence_check,500,1.5,2.429
largest potato producing state in india,agriculture,ranking,potato-production,india,UPAg / data.gov.in,licence_check,500,1.5,2.429
largest onion producing state in india,agriculture,ranking,onion-production,india,UPAg / data.gov.in,licence_check,500,1.5,2.429
largest jute producing state in india,agriculture,ranking,jute-production,india,UPAg / data.gov.in,licence_check,500,1.5,2.429
most populated state in india,population/health,national/ranking,,india,Census 2011 / MoSPI,licence_check,50000,0.8,2.256
highest literacy rate state in india,population/health,national/ranking,,india,Census 2011 / MoSPI,licence_check,50000,0.8,2.256
unemployment rate in india 2026,labour,national/ranking/release,,india,MoSPI PLFS,ready,5000,0.6,2.219
state wise gdp of india,economy,national/ranking/release,,india,MoSPI NAS,ready,5000,0.6,2.219
state wise per capita income india,economy,national/ranking/release,,india,MoSPI NAS,ready,5000,0.6,2.219
highest per capita income state in india,economy,national/ranking/release,,india,MoSPI NAS,ready,5000,0.6,2.219
literacy rate of andhra pradesh,population,metric,literacy-rate,andhra pradesh,Census 2011 / MoSPI NSS,licence_check,5000,1.0,2.219
population of arunachal pradesh,population,metric,population,arunachal pradesh,Census 2011 / projections,licence_check,5000,1.0,2.219
population of assam,population,metric,population,assam,Census 2011 / projections,licence_check,5000,1.0,2.219
sex ratio of assam,population,metric,sex-ratio,assam,Census 2011 / MoSPI GENDER,licence_check,5000,1.0,2.219
literacy rate of assam,population,metric,literacy-rate,assam,Census 2011 / MoSPI NSS,licence_check,5000,1.0,2.219
sex ratio of bihar,population,metric,sex-ratio,bihar,Census 2011 / MoSPI GENDER,licence_check,5000,1.0,2.219
population of chhattisgarh,population,metric,population,chhattisgarh,Census 2011 / projections,licence_check,5000,1.0,2.219
population of goa,population,metric,population,goa,Census 2011 / projections,licence_check,5000,1.0,2.219
population of gujarat,population,metric,population,gujarat,Census 2011 / projections,licence_check,5000,1.0,2.219
literacy rate of gujarat,population,metric,literacy-rate,gujarat,Census 2011 / MoSPI NSS,licence_check,5000,1.0,2.219
population of haryana,population,metric,population,haryana,Census 2011 / projections,licence_check,5000,1.0,2.219
sex ratio of haryana,population,metric,sex-ratio,haryana,Census 2011 / MoSPI GENDER,licence_check,5000,1.0,2.219
literacy rate of haryana,population,metric,literacy-rate,haryana,Census 2011 / MoSPI NSS,licence_check,5000,1.0,2.219
population of himachal pradesh,population,metric,population,himachal pradesh,Census 2011 / projections,licence_check,5000,1.0,2.219
literacy rate of himachal pradesh,population,metric,literacy-rate,himachal pradesh,Census 2011 / MoSPI NSS,licence_check,5000,1.0,2.219
population of jharkhand,population,metric,population,jharkhand,Census 2011 / projections,licence_check,5000,1.0,2.219
literacy rate of jharkhand,population,metric,literacy-rate,jharkhand,Census 2011 / MoSPI NSS,licence_check,5000,1.0,2.219
literacy rate of karnataka,population,metric,literacy-rate,karnataka,Census 2011 / MoSPI NSS,licence_check,5000,1.0,2.219
literacy rate of kerala,population,metric,literacy-rate,kerala,Census 2011 / MoSPI NSS,licence_check,5000,1.0,2.219
population of madhya pradesh,population,metric,population,madhya pradesh,Census 2011 / projections,licence_check,5000,1.0,2.219
literacy rate of madhya pradesh,population,metric,literacy-rate,madhya pradesh,Census 2011 / MoSPI NSS,licence_check,5000,1.0,2.219
literacy rate of maharashtra,population,metric,literacy-rate,maharashtra,Census 2011 / MoSPI NSS,licence_check,5000,1.0,2.219
population of manipur,population,metric,population,manipur,Census 2011 / projections,licence_check,5000,1.0,2.219
population of meghalaya,population,metric,population,meghalaya,Census 2011 / projections,licence_check,5000,1.0,2.219
population of mizoram,population,metric,population,mizoram,Census 2011 / projections,licence_check,5000,1.0,2.219
literacy rate of mizoram,population,metric,literacy-rate,mizoram,Census 2011 / MoSPI NSS,licence_check,5000,1.0,2.219
population of nagaland,population,metric,population,nagaland,Census 2011 / projections,licence_check,5000,1.0,2.219
population of odisha,population,metric,population,odisha,Census 2011 / projections,licence_check,5000,1.0,2.219
literacy rate of odisha,population,metric,literacy-rate,odisha,Census 2011 / MoSPI NSS,licence_check,5000,1.0,2.219
sex ratio of punjab,population,metric,sex-ratio,punjab,Census 2011 / MoSPI GENDER,licence_check,5000,1.0,2.219
literacy rate of punjab,population,metric,literacy-rate,punjab,Census 2011 / MoSPI NSS,licence_check,5000,1.0,2.219
population of rajasthan,population,metric,population,rajasthan,Census 2011 / projections,licence_check,5000,1.0,2.219
sex ratio of rajasthan,population,metric,sex-ratio,rajasthan,Census 2011 / MoSPI GENDER,licence_check,5000,1.0,2.219
literacy rate of rajasthan,population,metric,literacy-rate,rajasthan,Census 2011 / MoSPI NSS,licence_check,5000,1.0,2.219
population of sikkim,population,metric,population,sikkim,Census 2011 / projections,licence_check,5000,1.0,2.219
literacy rate of tamil nadu,population,metric,literacy-rate,tamil nadu,Census 2011 / MoSPI NSS,licence_check,5000,1.0,2.219
literacy rate of telangana,population,metric,literacy-rate,telangana,Census 2011 / MoSPI NSS,licence_check,5000,1.0,2.219
population of tripura,population,metric,population,tripura,Census 2011 / projections,licence_check,5000,1.0,2.219
literacy rate of uttar pradesh,population,metric,literacy-rate,uttar pradesh,Census 2011 / MoSPI NSS,licence_check,5000,1.0,2.219
population of uttarakhand,population,metric,population,uttarakhand,Census 2011 / projections,licence_check,5000,1.0,2.219
literacy rate of uttarakhand,population,metric,literacy-rate,uttarakhand,Census 2011 / MoSPI NSS,licence_check,5000,1.0,2.219
literacy rate of west bengal,population,metric,literacy-rate,west bengal,Census 2011 / MoSPI NSS,licence_check,5000,1.0,2.219
literacy rate of delhi,population,metric,literacy-rate,delhi,Census 2011 / MoSPI NSS,licence_check,5000,1.0,2.219
population of jammu and kashmir,population,metric,population,jammu and kashmir,Census 2011 / projections,licence_check,5000,1.0,2.219
literacy rate of jammu and kashmir,population,metric,literacy-rate,jammu and kashmir,Census 2011 / MoSPI NSS,licence_check,5000,1.0,2.219
population of ladakh,population,metric,population,ladakh,Census 2011 / projections,licence_check,5000,1.0,2.219
population of puducherry,population,metric,population,puducherry,Census 2011 / projections,licence_check,5000,1.0,2.219
population of chandigarh,population,metric,population,chandigarh,Census 2011 / projections,licence_check,5000,1.0,2.219
population of andaman and nicobar islands,population,metric,population,andaman and nicobar islands,Census 2011 / projections,licence_check,5000,1.0,2.219
population of lakshadweep,population,metric,population,lakshadweep,Census 2011 / projections,licence_check,5000,1.0,2.219
petrol price history delhi,fuel,trend,petrol-rsp,delhi,PPAC,ready,50,1.3,2.209
petrol price history mumbai,fuel,trend,petrol-rsp,mumbai,PPAC,ready,50,1.3,2.209
retail inflation india,prices,national/release/tool,,india,MoSPI CPI/WPI,ready,500,0.8,2.159
food inflation india,prices,national/release/tool,,india,MoSPI CPI/WPI,ready,500,0.8,2.159
core inflation india,prices,national/release/tool,,india,MoSPI CPI/WPI,ready,500,0.8,2.159
wpi inflation india,prices,national/release/tool,,india,MoSPI CPI/WPI,ready,500,0.8,2.159
cpi index india,prices,national/release/tool,,india,MoSPI CPI/WPI,ready,500,0.8,2.159
number of schools in india,education,national/ranking,,india,MoSPI UDISE+/AISHE/NSS,ready,500,0.8,2.159
number of government schools in india,education,national/ranking,,india,MoSPI UDISE+/AISHE/NSS,ready,500,0.8,2.159
number of colleges in india,education,national/ranking,,india,MoSPI UDISE+/AISHE/NSS,ready,500,0.8,2.159
number of universities in india,education,national/ranking,,india,MoSPI UDISE+/AISHE/NSS,ready,500,0.8,2.159
petrol price state wise,fuel,national/ranking,,india,PPAC,ready,500,0.8,2.159
petrol consumption in india,fuel,national/ranking,,india,PPAC,ready,500,0.8,2.159
number of petrol pumps in india,fuel,national/ranking,,india,PPAC,ready,500,0.8,2.159
cng stations in india,fuel,national/ranking,,india,PPAC,ready,500,0.8,2.159
india top imports,trade,national/ranking,,india,DGCI&S TradeStat / RBI (MoSPI),ready,500,0.8,2.159
india exports 2026,trade,national/ranking,,india,DGCI&S TradeStat / RBI (MoSPI),ready,500,0.8,2.159
india largest trading partner,trade,national/ranking,,india,DGCI&S TradeStat / RBI (MoSPI),ready,500,0.8,2.159
india merchandise exports,trade,national/ranking,,india,DGCI&S TradeStat / RBI (MoSPI),ready,500,0.8,2.159
india exports by country,trade,national/ranking,,india,DGCI&S TradeStat / RBI (MoSPI),ready,500,0.8,2.159
india imports by country,trade,national/ranking,,india,DGCI&S TradeStat / RBI (MoSPI),ready,500,0.8,2.159
rupee dollar exchange rate history,trade,national/ranking,,india,DGCI&S TradeStat / RBI (MoSPI),ready,500,0.8,2.159
gst collection india,misc,national/ranking,,india,various,ready,500,0.8,2.159
state wise gst collection,misc,national/ranking,,india,various,ready,500,0.8,2.159
rupee value calculator,prices,national/release/tool,,india,MoSPI CPI/WPI,ready,50,1.2000000000000002,2.039
petrol price today delhi,fuel,metric,petrol-rsp,delhi,PPAC,ready,50000,0.4,1.88
petrol price today mumbai,fuel,metric,petrol-rsp,mumbai,PPAC,ready,50000,0.4,1.88
petrol price today chennai,fuel,metric,petrol-rsp,chennai,PPAC,ready,50000,0.4,1.88
state wise population of india,population/health,national/ranking,,india,Census 2011 / MoSPI,licence_check,5000,0.8,1.776
sex ratio of india,population/health,national/ranking,,india,Census 2011 / MoSPI,licence_check,5000,0.8,1.776
literacy rate state wise,population/health,national/ranking,,india,Census 2011 / MoSPI,licence_check,5000,0.8,1.776
road accidents in india,misc,national/ranking,,india,various,licence_check,5000,0.8,1.776
unemployment rate in andhra pradesh,labour,metric,unemployment-rate,andhra pradesh,MoSPI PLFS,ready,50,1.0,1.699
andhra pradesh unemployment rate,labour,metric,unemployment-rate,andhra pradesh,MoSPI PLFS,ready,50,1.0,1.699
unemployment rate in arunachal pradesh,labour,metric,unemployment-rate,arunachal pradesh,MoSPI PLFS,ready,50,1.0,1.699
assam unemployment rate,labour,metric,unemployment-rate,assam,MoSPI PLFS,ready,50,1.0,1.699
unemployment rate in chhattisgarh,labour,metric,unemployment-rate,chhattisgarh,MoSPI PLFS,ready,50,1.0,1.699
chhattisgarh unemployment rate,labour,metric,unemployment-rate,chhattisgarh,MoSPI PLFS,ready,50,1.0,1.699
unemployment rate in goa,labour,metric,unemployment-rate,goa,MoSPI PLFS,ready,50,1.0,1.699
goa unemployment rate,labour,metric,unemployment-rate,goa,MoSPI PLFS,ready,50,1.0,1.699
unemployment rate in himachal pradesh,labour,metric,unemployment-rate,himachal pradesh,MoSPI PLFS,ready,50,1.0,1.699
himachal pradesh unemployment rate,labour,metric,unemployment-rate,himachal pradesh,MoSPI PLFS,ready,50,1.0,1.699
unemployment rate in jharkhand,labour,metric,unemployment-rate,jharkhand,MoSPI PLFS,ready,50,1.0,1.699
jharkhand unemployment rate,labour,metric,unemployment-rate,jharkhand,MoSPI PLFS,ready,50,1.0,1.699
unemployment rate in madhya pradesh,labour,metric,unemployment-rate,madhya pradesh,MoSPI PLFS,ready,50,1.0,1.699
madhya pradesh unemployment rate,labour,metric,unemployment-rate,madhya pradesh,MoSPI PLFS,ready,50,1.0,1.699
maharashtra unemployment rate,labour,metric,unemployment-rate,maharashtra,MoSPI PLFS,ready,50,1.0,1.699
unemployment rate in manipur,labour,metric,unemployment-rate,manipur,MoSPI PLFS,ready,50,1.0,1.699
manipur unemployment rate,labour,metric,unemployment-rate,manipur,MoSPI PLFS,ready,50,1.0,1.699
unemployment rate in meghalaya,labour,metric,unemployment-rate,meghalaya,MoSPI PLFS,ready,50,1.0,1.699
meghalaya unemployment rate,labour,metric,unemployment-rate,meghalaya,MoSPI PLFS,ready,50,1.0,1.699
unemployment rate in mizoram,labour,metric,unemployment-rate,mizoram,MoSPI PLFS,ready,50,1.0,1.699
mizoram unemployment rate,labour,metric,unemployment-rate,mizoram,MoSPI PLFS,ready,50,1.0,1.699
unemployment rate in nagaland,labour,metric,unemployment-rate,nagaland,MoSPI PLFS,ready,50,1.0,1.699
nagaland unemployment rate,labour,metric,unemployment-rate,nagaland,MoSPI PLFS,ready,50,1.0,1.699
odisha unemployment rate,labour,metric,unemployment-rate,odisha,MoSPI PLFS,ready,50,1.0,1.699
unemployment rate in punjab,labour,metric,unemployment-rate,punjab,MoSPI PLFS,ready,50,1.0,1.699
punjab unemployment rate,labour,metric,unemployment-rate,punjab,MoSPI PLFS,ready,50,1.0,1.699
unemployment rate in rajasthan,labour,metric,unemployment-rate,rajasthan,MoSPI PLFS,ready,50,1.0,1.699
rajasthan unemployment rate,labour,metric,unemployment-rate,rajasthan,MoSPI PLFS,ready,50,1.0,1.699
unemployment rate in sikkim,labour,metric,unemployment-rate,sikkim,MoSPI PLFS,ready,50,1.0,1.699
sikkim unemployment rate,labour,metric,unemployment-rate,sikkim,MoSPI PLFS,ready,50,1.0,1.699
unemployment rate in tamil nadu,labour,metric,unemployment-rate,tamil nadu,MoSPI PLFS,ready,50,1.0,1.699
tamil nadu unemployment rate,labour,metric,unemployment-rate,tamil nadu,MoSPI PLFS,ready,50,1.0,1.699
unemployment rate in telangana,labour,metric,unemployment-rate,telangana,MoSPI PLFS,ready,50,1.0,1.699
telangana unemployment rate,labour,metric,unemployment-rate,telangana,MoSPI PLFS,ready,50,1.0,1.699
unemployment rate in tripura,labour,metric,unemployment-rate,tripura,MoSPI PLFS,ready,50,1.0,1.699
tripura unemployment rate,labour,metric,unemployment-rate,tripura,MoSPI PLFS,ready,50,1.0,1.699
uttar pradesh unemployment rate,labour,metric,unemployment-rate,uttar pradesh,MoSPI PLFS,ready,50,1.0,1.699
unemployment rate in uttarakhand,labour,metric,unemployment-rate,uttarakhand,MoSPI PLFS,ready,50,1.0,1.699
uttarakhand unemployment rate,labour,metric,unemployment-rate,uttarakhand,MoSPI PLFS,ready,50,1.0,1.699
unemployment rate in delhi,labour,metric,unemployment-rate,delhi,MoSPI PLFS,ready,50,1.0,1.699
jammu and kashmir unemployment rate,labour,metric,unemployment-rate,jammu and kashmir,MoSPI PLFS,ready,50,1.0,1.699
unemployment rate in ladakh,labour,metric,unemployment-rate,ladakh,MoSPI PLFS,ready,50,1.0,1.699
ladakh unemployment rate,labour,metric,unemployment-rate,ladakh,MoSPI PLFS,ready,50,1.0,1.699
average salary in assam,labour,metric,regular-wage-earnings,assam,MoSPI PLFS,ready,50,1.0,1.699
average salary in bihar,labour,metric,regular-wage-earnings,bihar,MoSPI PLFS,ready,50,1.0,1.699
average salary in gujarat,labour,metric,regular-wage-earnings,gujarat,MoSPI PLFS,ready,50,1.0,1.699
average salary in haryana,labour,metric,regular-wage-earnings,haryana,MoSPI PLFS,ready,50,1.0,1.699
average salary in karnataka,labour,metric,regular-wage-earnings,karnataka,MoSPI PLFS,ready,50,1.0,1.699
average salary in kerala,labour,metric,regular-wage-earnings,kerala,MoSPI PLFS,ready,50,1.0,1.699
average salary in maharashtra,labour,metric,regular-wage-earnings,maharashtra,MoSPI PLFS,ready,50,1.0,1.699
average salary in odisha,labour,metric,regular-wage-earnings,odisha,MoSPI PLFS,ready,50,1.0,1.699
average salary in punjab,labour,metric,regular-wage-earnings,punjab,MoSPI PLFS,ready,50,1.0,1.699
average salary in rajasthan,labour,metric,regular-wage-earnings,rajasthan,MoSPI PLFS,ready,50,1.0,1.699
average salary in tamil nadu,labour,metric,regular-wage-earnings,tamil nadu,MoSPI PLFS,ready,50,1.0,1.699
average salary in telangana,labour,metric,regular-wage-earnings,telangana,MoSPI PLFS,ready,50,1.0,1.699
average salary in uttar pradesh,labour,metric,regular-wage-earnings,uttar pradesh,MoSPI PLFS,ready,50,1.0,1.699
average salary in west bengal,labour,metric,regular-wage-earnings,west bengal,MoSPI PLFS,ready,50,1.0,1.699
inflation rate in andhra pradesh,prices,metric,cpi-inflation,andhra pradesh,MoSPI CPI,ready,50,1.0,1.699
inflation rate in assam,prices,metric,cpi-inflation,assam,MoSPI CPI,ready,50,1.0,1.699
inflation rate in bihar,prices,metric,cpi-inflation,bihar,MoSPI CPI,ready,50,1.0,1.699
inflation rate in gujarat,prices,metric,cpi-inflation,gujarat,MoSPI CPI,ready,50,1.0,1.699
inflation rate in haryana,prices,metric,cpi-inflation,haryana,MoSPI CPI,ready,50,1.0,1.699
inflation rate in karnataka,prices,metric,cpi-inflation,karnataka,MoSPI CPI,ready,50,1.0,1.699
inflation rate in maharashtra,prices,metric,cpi-inflation,maharashtra,MoSPI CPI,ready,50,1.0,1.699
inflation rate in odisha,prices,metric,cpi-inflation,odisha,MoSPI CPI,ready,50,1.0,1.699
inflation rate in punjab,prices,metric,cpi-inflation,punjab,MoSPI CPI,ready,50,1.0,1.699
inflation rate in rajasthan,prices,metric,cpi-inflation,rajasthan,MoSPI CPI,ready,50,1.0,1.699
inflation rate in telangana,prices,metric,cpi-inflation,telangana,MoSPI CPI,ready,50,1.0,1.699
inflation rate in uttar pradesh,prices,metric,cpi-inflation,uttar pradesh,MoSPI CPI,ready,50,1.0,1.699
inflation rate in west bengal,prices,metric,cpi-inflation,west bengal,MoSPI CPI,ready,50,1.0,1.699
inflation rate in delhi,prices,metric,cpi-inflation,delhi,MoSPI CPI,ready,50,1.0,1.699
per capita income of arunachal pradesh,economy,metric,per-capita-nsdp,arunachal pradesh,MoSPI NAS,ready,50,1.0,1.699
gdp of manipur,economy,metric,gsdp,manipur,MoSPI NAS,ready,50,1.0,1.699
per capita income of manipur,economy,metric,per-capita-nsdp,manipur,MoSPI NAS,ready,50,1.0,1.699
per capita income of meghalaya,economy,metric,per-capita-nsdp,meghalaya,MoSPI NAS,ready,50,1.0,1.699
gdp of mizoram,economy,metric,gsdp,mizoram,MoSPI NAS,ready,50,1.0,1.699
per capita income of mizoram,economy,metric,per-capita-nsdp,mizoram,MoSPI NAS,ready,50,1.0,1.699
gdp of nagaland,economy,metric,gsdp,nagaland,MoSPI NAS,ready,50,1.0,1.699
per capita income of nagaland,economy,metric,per-capita-nsdp,nagaland,MoSPI NAS,ready,50,1.0,1.699
per capita income of tripura,economy,metric,per-capita-nsdp,tripura,MoSPI NAS,ready,50,1.0,1.699
gdp of ladakh,economy,metric,gsdp,ladakh,MoSPI NAS,ready,50,1.0,1.699
ladakh gdp,economy,metric,gsdp,ladakh,MoSPI NAS,ready,50,1.0,1.699
per capita income of ladakh,economy,metric,per-capita-nsdp,ladakh,MoSPI NAS,ready,50,1.0,1.699
gdp of puducherry,economy,metric,gsdp,puducherry,MoSPI NAS,ready,50,1.0,1.699
puducherry gdp,economy,metric,gsdp,puducherry,MoSPI NAS,ready,50,1.0,1.699
per capita income of puducherry,economy,metric,per-capita-nsdp,puducherry,MoSPI NAS,ready,50,1.0,1.699
gdp of chandigarh,economy,metric,gsdp,chandigarh,MoSPI NAS,ready,50,1.0,1.699
gdp of andaman and nicobar islands,economy,metric,gsdp,andaman and nicobar islands,MoSPI NAS,ready,50,1.0,1.699
andaman and nicobar islands gdp,economy,metric,gsdp,andaman and nicobar islands,MoSPI NAS,ready,50,1.0,1.699
per capita income of andaman and nicobar islands,economy,metric,per-capita-nsdp,andaman and nicobar islands,MoSPI NAS,ready,50,1.0,1.699
gdp of lakshadweep,economy,metric,gsdp,lakshadweep,MoSPI NAS,ready,50,1.0,1.699
lakshadweep gdp,economy,metric,gsdp,lakshadweep,MoSPI NAS,ready,50,1.0,1.699
per capita income of lakshadweep,economy,metric,per-capita-nsdp,lakshadweep,MoSPI NAS,ready,50,1.0,1.699
andhra pradesh gdp growth rate,economy,metric,gsdp-growth,andhra pradesh,MoSPI NAS,ready,50,1.0,1.699
chhattisgarh gdp growth rate,economy,metric,gsdp-growth,chhattisgarh,MoSPI NAS,ready,50,1.0,1.699
haryana gdp growth rate,economy,metric,gsdp-growth,haryana,MoSPI NAS,ready,50,1.0,1.699
jharkhand gdp growth rate,economy,metric,gsdp-growth,jharkhand,MoSPI NAS,ready,50,1.0,1.699
madhya pradesh gdp growth rate,economy,metric,gsdp-growth,madhya pradesh,MoSPI NAS,ready,50,1.0,1.699
odisha gdp growth rate,economy,metric,gsdp-growth,odisha,MoSPI NAS,ready,50,1.0,1.699
punjab gdp growth rate,economy,metric,gsdp-growth,punjab,MoSPI NAS,ready,50,1.0,1.699
rajasthan gdp growth rate,economy,metric,gsdp-growth,rajasthan,MoSPI NAS,ready,50,1.0,1.699
telangana gdp growth rate,economy,metric,gsdp-growth,telangana,MoSPI NAS,ready,50,1.0,1.699
delhi gdp growth rate,economy,metric,gsdp-growth,delhi,MoSPI NAS,ready,50,1.0,1.699
number of schools in andhra pradesh,education,metric,schools,andhra pradesh,MoSPI UDISE+,ready,50,1.0,1.699
number of schools in assam,education,metric,schools,assam,MoSPI UDISE+,ready,50,1.0,1.699
number of schools in bihar,education,metric,schools,bihar,MoSPI UDISE+,ready,50,1.0,1.699
number of schools in chhattisgarh,education,metric,schools,chhattisgarh,MoSPI UDISE+,ready,50,1.0,1.699
number of schools in goa,education,metric,schools,goa,MoSPI UDISE+,ready,50,1.0,1.699
number of schools in gujarat,education,metric,schools,gujarat,MoSPI UDISE+,ready,50,1.0,1.699
number of schools in haryana,education,metric,schools,haryana,MoSPI UDISE+,ready,50,1.0,1.699
number of schools in jharkhand,education,metric,schools,jharkhand,MoSPI UDISE+,ready,50,1.0,1.699
number of schools in karnataka,education,metric,schools,karnataka,MoSPI UDISE+,ready,50,1.0,1.699
number of schools in kerala,education,metric,schools,kerala,MoSPI UDISE+,ready,50,1.0,1.699
number of schools in maharashtra,education,metric,schools,maharashtra,MoSPI UDISE+,ready,50,1.0,1.699
number of schools in manipur,education,metric,schools,manipur,MoSPI UDISE+,ready,50,1.0,1.699
number of schools in meghalaya,education,metric,schools,meghalaya,MoSPI UDISE+,ready,50,1.0,1.699
number of schools in mizoram,education,metric,schools,mizoram,MoSPI UDISE+,ready,50,1.0,1.699
number of schools in odisha,education,metric,schools,odisha,MoSPI UDISE+,ready,50,1.0,1.699
number of schools in punjab,education,metric,schools,punjab,MoSPI UDISE+,ready,50,1.0,1.699
number of schools in rajasthan,education,metric,schools,rajasthan,MoSPI UDISE+,ready,50,1.0,1.699
number of schools in tamil nadu,education,metric,schools,tamil nadu,MoSPI UDISE+,ready,50,1.0,1.699
number of schools in telangana,education,metric,schools,telangana,MoSPI UDISE+,ready,50,1.0,1.699
number of schools in uttar pradesh,education,metric,schools,uttar pradesh,MoSPI UDISE+,ready,50,1.0,1.699
number of schools in uttarakhand,education,metric,schools,uttarakhand,MoSPI UDISE+,ready,50,1.0,1.699
number of schools in west bengal,education,metric,schools,west bengal,MoSPI UDISE+,ready,50,1.0,1.699
number of schools in delhi,education,metric,schools,delhi,MoSPI UDISE+,ready,50,1.0,1.699
number of schools in jammu and kashmir,education,metric,schools,jammu and kashmir,MoSPI UDISE+,ready,50,1.0,1.699
number of schools in chandigarh,education,metric,schools,chandigarh,MoSPI UDISE+,ready,50,1.0,1.699
number of teachers in bihar,education,metric,teachers,bihar,MoSPI UDISE+,ready,50,1.0,1.699
number of teachers in west bengal,education,metric,teachers,west bengal,MoSPI UDISE+,ready,50,1.0,1.699
vat on petrol in andhra pradesh,fuel,metric,vat-petrol,andhra pradesh,PPAC,ready,50,1.0,1.699
vat on petrol in assam,fuel,metric,vat-petrol,assam,PPAC,ready,50,1.0,1.699
vat on petrol in bihar,fuel,metric,vat-petrol,bihar,PPAC,ready,50,1.0,1.699
vat on petrol in chhattisgarh,fuel,metric,vat-petrol,chhattisgarh,PPAC,ready,50,1.0,1.699
vat on petrol in goa,fuel,metric,vat-petrol,goa,PPAC,ready,50,1.0,1.699
vat on petrol in gujarat,fuel,metric,vat-petrol,gujarat,PPAC,ready,50,1.0,1.699
vat on petrol in haryana,fuel,metric,vat-petrol,haryana,PPAC,ready,50,1.0,1.699
vat on petrol in himachal pradesh,fuel,metric,vat-petrol,himachal pradesh,PPAC,ready,50,1.0,1.699
vat on petrol in jharkhand,fuel,metric,vat-petrol,jharkhand,PPAC,ready,50,1.0,1.699
vat on petrol in karnataka,fuel,metric,vat-petrol,karnataka,PPAC,ready,50,1.0,1.699
vat on petrol in kerala,fuel,metric,vat-petrol,kerala,PPAC,ready,50,1.0,1.699
vat on petrol in madhya pradesh,fuel,metric,vat-petrol,madhya pradesh,PPAC,ready,50,1.0,1.699
vat on petrol in maharashtra,fuel,metric,vat-petrol,maharashtra,PPAC,ready,50,1.0,1.699
vat on petrol in odisha,fuel,metric,vat-petrol,odisha,PPAC,ready,50,1.0,1.699
vat on petrol in punjab,fuel,metric,vat-petrol,punjab,PPAC,ready,50,1.0,1.699
vat on petrol in rajasthan,fuel,metric,vat-petrol,rajasthan,PPAC,ready,50,1.0,1.699
vat on petrol in tamil nadu,fuel,metric,vat-petrol,tamil nadu,PPAC,ready,50,1.0,1.699
vat on petrol in telangana,fuel,metric,vat-petrol,telangana,PPAC,ready,50,1.0,1.699
vat on petrol in uttar pradesh,fuel,metric,vat-petrol,uttar pradesh,PPAC,ready,50,1.0,1.699
vat on petrol in uttarakhand,fuel,metric,vat-petrol,uttarakhand,PPAC,ready,50,1.0,1.699
vat on petrol in west bengal,fuel,metric,vat-petrol,west bengal,PPAC,ready,50,1.0,1.699
vat on petrol in delhi,fuel,metric,vat-petrol,delhi,PPAC,ready,50,1.0,1.699
vat on petrol in chandigarh,fuel,metric,vat-petrol,chandigarh,PPAC,ready,50,1.0,1.699
petrol consumption in karnataka,fuel,metric,ms-consumption,karnataka,PPAC,ready,50,1.0,1.699
lpg connections in karnataka,fuel,metric,lpg-active-customers,karnataka,PPAC,ready,50,1.0,1.699
petrol consumption in kerala,fuel,metric,ms-consumption,kerala,PPAC,ready,50,1.0,1.699
petrol consumption in maharashtra,fuel,metric,ms-consumption,maharashtra,PPAC,ready,50,1.0,1.699
petrol consumption in delhi,fuel,metric,ms-consumption,delhi,PPAC,ready,50,1.0,1.699
number of petrol pumps in delhi,fuel,metric,retail-outlets,delhi,PPAC,ready,50,1.0,1.699
india imports from uae,trade,metric,imports-by-country,uae,DGCI&S TradeStat,ready,50,1.0,1.699
india exports to saudi arabia,trade,metric,exports-by-country,saudi arabia,DGCI&S TradeStat,ready,50,1.0,1.699
india imports from saudi arabia,trade,metric,imports-by-country,saudi arabia,DGCI&S TradeStat,ready,50,1.0,1.699
india exports to singapore,trade,metric,exports-by-country,singapore,DGCI&S TradeStat,ready,50,1.0,1.699
india imports from singapore,trade,metric,imports-by-country,singapore,DGCI&S TradeStat,ready,50,1.0,1.699
india singapore trade,trade,metric,total-trade-by-country,singapore,DGCI&S TradeStat,ready,50,1.0,1.699
india exports to netherlands,trade,metric,exports-by-country,netherlands,DGCI&S TradeStat,ready,50,1.0,1.699
india netherlands trade,trade,metric,total-trade-by-country,netherlands,DGCI&S TradeStat,ready,50,1.0,1.699
india exports to germany,trade,metric,exports-by-country,germany,DGCI&S TradeStat,ready,50,1.0,1.699
india imports from germany,trade,metric,imports-by-country,germany,DGCI&S TradeStat,ready,50,1.0,1.699
india imports from hong kong,trade,metric,imports-by-country,hong kong,DGCI&S TradeStat,ready,50,1.0,1.699
india hong kong trade,trade,metric,total-trade-by-country,hong kong,DGCI&S TradeStat,ready,50,1.0,1.699
india imports from bangladesh,trade,metric,imports-by-country,bangladesh,DGCI&S TradeStat,ready,50,1.0,1.699
india exports to japan,trade,metric,exports-by-country,japan,DGCI&S TradeStat,ready,50,1.0,1.699
india exports to south korea,trade,metric,exports-by-country,south korea,DGCI&S TradeStat,ready,50,1.0,1.699
india imports from south korea,trade,metric,imports-by-country,south korea,DGCI&S TradeStat,ready,50,1.0,1.699
india south korea trade,trade,metric,total-trade-by-country,south korea,DGCI&S TradeStat,ready,50,1.0,1.699
india exports to indonesia,trade,metric,exports-by-country,indonesia,DGCI&S TradeStat,ready,50,1.0,1.699
india imports from indonesia,trade,metric,imports-by-country,indonesia,DGCI&S TradeStat,ready,50,1.0,1.699
india iraq trade,trade,metric,total-trade-by-country,iraq,DGCI&S TradeStat,ready,50,1.0,1.699
india exports to malaysia,trade,metric,exports-by-country,malaysia,DGCI&S TradeStat,ready,50,1.0,1.699
india imports from malaysia,trade,metric,imports-by-country,malaysia,DGCI&S TradeStat,ready,50,1.0,1.699
india malaysia trade,trade,metric,total-trade-by-country,malaysia,DGCI&S TradeStat,ready,50,1.0,1.699
india exports to nepal,trade,metric,exports-by-country,nepal,DGCI&S TradeStat,ready,50,1.0,1.699
india imports from nepal,trade,metric,imports-by-country,nepal,DGCI&S TradeStat,ready,50,1.0,1.699
india exports to france,trade,metric,exports-by-country,france,DGCI&S TradeStat,ready,50,1.0,1.699
india imports from france,trade,metric,imports-by-country,france,DGCI&S TradeStat,ready,50,1.0,1.699
india france trade,trade,metric,total-trade-by-country,france,DGCI&S TradeStat,ready,50,1.0,1.699
india exports to italy,trade,metric,exports-by-country,italy,DGCI&S TradeStat,ready,50,1.0,1.699
india imports from italy,trade,metric,imports-by-country,italy,DGCI&S TradeStat,ready,50,1.0,1.699
india italy trade,trade,metric,total-trade-by-country,italy,DGCI&S TradeStat,ready,50,1.0,1.699
india imports from switzerland,trade,metric,imports-by-country,switzerland,DGCI&S TradeStat,ready,50,1.0,1.699
india switzerland trade,trade,metric,total-trade-by-country,switzerland,DGCI&S TradeStat,ready,50,1.0,1.699
india exports to south africa,trade,metric,exports-by-country,south africa,DGCI&S TradeStat,ready,50,1.0,1.699
india imports from south africa,trade,metric,imports-by-country,south africa,DGCI&S TradeStat,ready,50,1.0,1.699
india south africa trade,trade,metric,total-trade-by-country,south africa,DGCI&S TradeStat,ready,50,1.0,1.699
india exports to brazil,trade,metric,exports-by-country,brazil,DGCI&S TradeStat,ready,50,1.0,1.699
india imports from brazil,trade,metric,imports-by-country,brazil,DGCI&S TradeStat,ready,50,1.0,1.699
india exports to vietnam,trade,metric,exports-by-country,vietnam,DGCI&S TradeStat,ready,50,1.0,1.699
india imports from vietnam,trade,metric,imports-by-country,vietnam,DGCI&S TradeStat,ready,50,1.0,1.699
india vietnam trade,trade,metric,total-trade-by-country,vietnam,DGCI&S TradeStat,ready,50,1.0,1.699
india exports to thailand,trade,metric,exports-by-country,thailand,DGCI&S TradeStat,ready,50,1.0,1.699
india imports from thailand,trade,metric,imports-by-country,thailand,DGCI&S TradeStat,ready,50,1.0,1.699
india thailand trade,trade,metric,total-trade-by-country,thailand,DGCI&S TradeStat,ready,50,1.0,1.699
india exports to sri lanka,trade,metric,exports-by-country,sri lanka,DGCI&S TradeStat,ready,50,1.0,1.699
india imports from sri lanka,trade,metric,imports-by-country,sri lanka,DGCI&S TradeStat,ready,50,1.0,1.699
india sri lanka trade,trade,metric,total-trade-by-country,sri lanka,DGCI&S TradeStat,ready,50,1.0,1.699
india exports to canada,trade,metric,exports-by-country,canada,DGCI&S TradeStat,ready,50,1.0,1.699
india imports from canada,trade,metric,imports-by-country,canada,DGCI&S TradeStat,ready,50,1.0,1.699
india exports to qatar,trade,metric,exports-by-country,qatar,DGCI&S TradeStat,ready,50,1.0,1.699
india imports from qatar,trade,metric,imports-by-country,qatar,DGCI&S TradeStat,ready,50,1.0,1.699
india qatar trade,trade,metric,total-trade-by-country,qatar,DGCI&S TradeStat,ready,50,1.0,1.699
india belgium trade,trade,metric,total-trade-by-country,belgium,DGCI&S TradeStat,ready,50,1.0,1.699
india exports to turkey,trade,metric,exports-by-country,turkey,DGCI&S TradeStat,ready,50,1.0,1.699
india imports from turkey,trade,metric,imports-by-country,turkey,DGCI&S TradeStat,ready,50,1.0,1.699
gst collection andhra pradesh,tax,metric,gst-collection,andhra pradesh,data.gov.in (GODL),ready,50,1.0,1.699
gst collection bihar,tax,metric,gst-collection,bihar,data.gov.in (GODL),ready,50,1.0,1.699
gst collection haryana,tax,metric,gst-collection,haryana,data.gov.in (GODL),ready,50,1.0,1.699
gst collection karnataka,tax,metric,gst-collection,karnataka,data.gov.in (GODL),ready,50,1.0,1.699
gst collection maharashtra,tax,metric,gst-collection,maharashtra,data.gov.in (GODL),ready,50,1.0,1.699
gst collection odisha,tax,metric,gst-collection,odisha,data.gov.in (GODL),ready,50,1.0,1.699
gst collection punjab,tax,metric,gst-collection,punjab,data.gov.in (GODL),ready,50,1.0,1.699
gst collection tamil nadu,tax,metric,gst-collection,tamil nadu,data.gov.in (GODL),ready,50,1.0,1.699
gst collection uttar pradesh,tax,metric,gst-collection,uttar pradesh,data.gov.in (GODL),ready,50,1.0,1.699
gst collection west bengal,tax,metric,gst-collection,west bengal,data.gov.in (GODL),ready,50,1.0,1.699
state wise unemployment rate in india,labour,national/ranking/release,,india,MoSPI PLFS,ready,500,0.6,1.619
labour force participation rate india,labour,national/ranking/release,,india,MoSPI PLFS,ready,500,0.6,1.619
worker population ratio india,labour,national/ranking/release,,india,MoSPI PLFS,ready,500,0.6,1.619
plfs annual report,labour,national/ranking/release,,india,MoSPI PLFS,ready,500,0.6,1.619
gdp growth rate 2026,economy,national/ranking/release,,india,MoSPI NAS,ready,500,0.6,1.619
states by gdp india,economy,national/ranking/release,,india,MoSPI NAS,ready,500,0.6,1.619
lowest per capita income state in india,economy,national/ranking/release,,india,MoSPI NAS,ready,500,0.6,1.619
sex ratio of arunachal pradesh,population,metric,sex-ratio,arunachal pradesh,Census 2011 / MoSPI GENDER,licence_check,500,1.0,1.619
literacy rate of arunachal pradesh,population,metric,literacy-rate,arunachal pradesh,Census 2011 / MoSPI NSS,licence_check,500,1.0,1.619
sex ratio of chhattisgarh,population,metric,sex-ratio,chhattisgarh,Census 2011 / MoSPI GENDER,licence_check,500,1.0,1.619
literacy rate of chhattisgarh,population,metric,literacy-rate,chhattisgarh,Census 2011 / MoSPI NSS,licence_check,500,1.0,1.619
literacy rate of goa,population,metric,literacy-rate,goa,Census 2011 / MoSPI NSS,licence_check,500,1.0,1.619
sex ratio of gujarat,population,metric,sex-ratio,gujarat,Census 2011 / MoSPI GENDER,licence_check,500,1.0,1.619
sex ratio of himachal pradesh,population,metric,sex-ratio,himachal pradesh,Census 2011 / MoSPI GENDER,licence_check,500,1.0,1.619
sex ratio of jharkhand,population,metric,sex-ratio,jharkhand,Census 2011 / MoSPI GENDER,licence_check,500,1.0,1.619
sex ratio of karnataka,population,metric,sex-ratio,karnataka,Census 2011 / MoSPI GENDER,licence_check,500,1.0,1.619
sex ratio of kerala,population,metric,sex-ratio,kerala,Census 2011 / MoSPI GENDER,licence_check,500,1.0,1.619
sex ratio of maharashtra,population,metric,sex-ratio,maharashtra,Census 2011 / MoSPI GENDER,licence_check,500,1.0,1.619
sex ratio of manipur,population,metric,sex-ratio,manipur,Census 2011 / MoSPI GENDER,licence_check,500,1.0,1.619
literacy rate of manipur,population,metric,literacy-rate,manipur,Census 2011 / MoSPI NSS,licence_check,500,1.0,1.619
sex ratio of meghalaya,population,metric,sex-ratio,meghalaya,Census 2011 / MoSPI GENDER,licence_check,500,1.0,1.619
literacy rate of meghalaya,population,metric,literacy-rate,meghalaya,Census 2011 / MoSPI NSS,licence_check,500,1.0,1.619
sex ratio of mizoram,population,metric,sex-ratio,mizoram,Census 2011 / MoSPI GENDER,licence_check,500,1.0,1.619
sex ratio of nagaland,population,metric,sex-ratio,nagaland,Census 2011 / MoSPI GENDER,licence_check,500,1.0,1.619
literacy rate of nagaland,population,metric,literacy-rate,nagaland,Census 2011 / MoSPI NSS,licence_check,500,1.0,1.619
sex ratio of odisha,population,metric,sex-ratio,odisha,Census 2011 / MoSPI GENDER,licence_check,500,1.0,1.619
sex ratio of sikkim,population,metric,sex-ratio,sikkim,Census 2011 / MoSPI GENDER,licence_check,500,1.0,1.619
literacy rate of sikkim,population,metric,literacy-rate,sikkim,Census 2011 / MoSPI NSS,licence_check,500,1.0,1.619
sex ratio of tamil nadu,population,metric,sex-ratio,tamil nadu,Census 2011 / MoSPI GENDER,licence_check,500,1.0,1.619
sex ratio of tripura,population,metric,sex-ratio,tripura,Census 2011 / MoSPI GENDER,licence_check,500,1.0,1.619
literacy rate of tripura,population,metric,literacy-rate,tripura,Census 2011 / MoSPI NSS,licence_check,500,1.0,1.619
sex ratio of uttar pradesh,population,metric,sex-ratio,uttar pradesh,Census 2011 / MoSPI GENDER,licence_check,500,1.0,1.619
sex ratio of uttarakhand,population,metric,sex-ratio,uttarakhand,Census 2011 / MoSPI GENDER,licence_check,500,1.0,1.619
sex ratio of west bengal,population,metric,sex-ratio,west bengal,Census 2011 / MoSPI GENDER,licence_check,500,1.0,1.619
sex ratio of delhi,population,metric,sex-ratio,delhi,Census 2011 / MoSPI GENDER,licence_check,500,1.0,1.619
sex ratio of jammu and kashmir,population,metric,sex-ratio,jammu and kashmir,Census 2011 / MoSPI GENDER,licence_check,500,1.0,1.619
literacy rate of ladakh,population,metric,literacy-rate,ladakh,Census 2011 / MoSPI NSS,licence_check,500,1.0,1.619
sex ratio of puducherry,population,metric,sex-ratio,puducherry,Census 2011 / MoSPI GENDER,licence_check,500,1.0,1.619
literacy rate of chandigarh,population,metric,literacy-rate,chandigarh,Census 2011 / MoSPI NSS,licence_check,500,1.0,1.619
literacy rate of lakshadweep,population,metric,literacy-rate,lakshadweep,Census 2011 / MoSPI NSS,licence_check,500,1.0,1.619
rice production in odisha,agriculture,metric,rice-production,odisha,UPAg / data.gov.in,licence_check,500,1.0,1.619
rice production in west bengal,agriculture,metric,rice-production,west bengal,UPAg / data.gov.in,licence_check,500,1.0,1.619
wheat production in punjab,agriculture,metric,wheat-production,punjab,UPAg / data.gov.in,licence_check,500,1.0,1.619
sugarcane production in maharashtra,agriculture,metric,sugarcane-production,maharashtra,UPAg / data.gov.in,licence_check,500,1.0,1.619
road accidents in kerala,road-safety,metric,road-accidents,kerala,MoRTH,licence_check,500,1.0,1.619
electric vehicles in kerala,vehicles,metric,ev-registrations,kerala,Vahan,licence_check,500,1.0,1.619
road accidents in punjab,road-safety,metric,road-accidents,punjab,MoRTH,licence_check,500,1.0,1.619
road accidents in delhi,road-safety,metric,road-accidents,delhi,MoRTH,licence_check,500,1.0,1.619
number of vehicles in delhi,vehicles,metric,registered-vehicles,delhi,Vahan / data.gov.in,licence_check,500,1.0,1.619
largest gram producing state in india,agriculture,ranking,gram-production,india,UPAg / data.gov.in,licence_check,50,1.5,1.529
largest tur dal producing state in india,agriculture,ranking,tur dal-production,india,UPAg / data.gov.in,licence_check,50,1.5,1.529
largest mustard producing state in india,agriculture,ranking,mustard-production,india,UPAg / data.gov.in,licence_check,50,1.5,1.529
diesel price today delhi,fuel,metric,diesel-rsp,delhi,PPAC,ready,5000,0.4,1.48
diesel price today mumbai,fuel,metric,diesel-rsp,mumbai,PPAC,ready,5000,0.4,1.48
petrol price today kolkata,fuel,metric,petrol-rsp,kolkata,PPAC,ready,5000,0.4,1.48
diesel price today chennai,fuel,metric,diesel-rsp,chennai,PPAC,ready,5000,0.4,1.48
rural inflation india,prices,national/release/tool,,india,MoSPI CPI/WPI,ready,50,0.8,1.359
wholesale inflation india,prices,national/release/tool,,india,MoSPI CPI/WPI,ready,50,0.8,1.359
states with highest inflation,prices,national/release/tool,,india,MoSPI CPI/WPI,ready,50,0.8,1.359
value of rupee over time,prices,national/release/tool,,india,MoSPI CPI/WPI,ready,50,0.8,1.359
value of 1 rupee in 1990,prices,national/release/tool,,india,MoSPI CPI/WPI,ready,50,0.8,1.359
value of 100 rupees in 2000,prices,national/release/tool,,india,MoSPI CPI/WPI,ready,50,0.8,1.359
purchasing power of rupee,prices,national/release/tool,,india,MoSPI CPI/WPI,ready,50,0.8,1.359
udise plus data,education,national/ranking,,india,MoSPI UDISE+/AISHE/NSS,ready,50,0.8,1.359
gross enrolment ratio higher education india,education,national/ranking,,india,MoSPI UDISE+/AISHE/NSS,ready,50,0.8,1.359
state wise literacy rate india,education,national/ranking,,india,MoSPI UDISE+/AISHE/NSS,ready,50,0.8,1.359
state wise vat on petrol,fuel,national/ranking,,india,PPAC,ready,50,0.8,1.359
cheapest petrol state in india,fuel,national/ranking,,india,PPAC,ready,50,0.8,1.359
diesel consumption in india,fuel,national/ranking,,india,PPAC,ready,50,0.8,1.359
lpg connections in india,fuel,national/ranking,,india,PPAC,ready,50,0.8,1.359
png connections india,fuel,national/ranking,,india,PPAC,ready,50,0.8,1.359
petrol price breakup india,fuel,national/ranking,,india,PPAC,ready,50,0.8,1.359
time use survey india,misc,national/ranking,,india,various,ready,50,0.8,1.359
rice production in india,agriculture,national,rice-production,india,UPAg / data.gov.in,licence_check,5000,0.6,1.332
wheat production in india,agriculture,national,wheat-production,india,UPAg / data.gov.in,licence_check,5000,0.6,1.332
sugarcane production in india,agriculture,national,sugarcane-production,india,UPAg / data.gov.in,licence_check,5000,0.6,1.332
cotton production in india,agriculture,national,cotton-production,india,UPAg / data.gov.in,licence_check,5000,0.6,1.332
coffee production in india,agriculture,national,coffee-production,india,UPAg / data.gov.in,licence_check,5000,0.6,1.332
highest sex ratio state in india,population/health,national/ranking,,india,Census 2011 / MoSPI,licence_check,500,0.8,1.296
road accident deaths india,misc,national/ranking,,india,various,licence_check,500,0.8,1.296
number of vehicles in india,misc,national/ranking,,india,various,licence_check,500,0.8,1.296
diesel price today kolkata,fuel,metric,diesel-rsp,kolkata,PPAC,ready,500,0.4,1.08
states with highest unemployment rate,labour,national/ranking/release,,india,MoSPI PLFS,ready,50,0.6,1.019
youth unemployment rate india,labour,national/ranking/release,,india,MoSPI PLFS,ready,50,0.6,1.019
female labour force participation rate india,labour,national/ranking/release,,india,MoSPI PLFS,ready,50,0.6,1.019
plfs monthly bulletin,labour,national/ranking/release,,india,MoSPI PLFS,ready,50,0.6,1.019
plfs quarterly bulletin,labour,national/ranking/release,,india,MoSPI PLFS,ready,50,0.6,1.019
average monthly wage india,labour,national/ranking/release,,india,MoSPI PLFS,ready,50,0.6,1.019
gva india,economy,national/ranking/release,,india,MoSPI NAS,ready,50,0.6,1.019
sex ratio of andhra pradesh,population,metric,sex-ratio,andhra pradesh,Census 2011 / MoSPI GENDER,licence_check,50,1.0,1.019
sex ratio of goa,population,metric,sex-ratio,goa,Census 2011 / MoSPI GENDER,licence_check,50,1.0,1.019
sex ratio of madhya pradesh,population,metric,sex-ratio,madhya pradesh,Census 2011 / MoSPI GENDER,licence_check,50,1.0,1.019
sex ratio of telangana,population,metric,sex-ratio,telangana,Census 2011 / MoSPI GENDER,licence_check,50,1.0,1.019
sex ratio of ladakh,population,metric,sex-ratio,ladakh,Census 2011 / MoSPI GENDER,licence_check,50,1.0,1.019
literacy rate of puducherry,population,metric,literacy-rate,puducherry,Census 2011 / MoSPI NSS,licence_check,50,1.0,1.019
sex ratio of chandigarh,population,metric,sex-ratio,chandigarh,Census 2011 / MoSPI GENDER,licence_check,50,1.0,1.019
sex ratio of andaman and nicobar islands,population,metric,sex-ratio,andaman and nicobar islands,Census 2011 / MoSPI GENDER,licence_check,50,1.0,1.019
literacy rate of andaman and nicobar islands,population,metric,literacy-rate,andaman and nicobar islands,Census 2011 / MoSPI NSS,licence_check,50,1.0,1.019
sex ratio of lakshadweep,population,metric,sex-ratio,lakshadweep,Census 2011 / MoSPI GENDER,licence_check,50,1.0,1.019
population of dadra and nagar haveli and daman and diu,population,metric,population,dadra and nagar haveli and daman and diu,Census 2011 / projections,licence_check,50,1.0,1.019
rice production in andhra pradesh,agriculture,metric,rice-production,andhra pradesh,UPAg / data.gov.in,licence_check,50,1.0,1.019
rice production in assam,agriculture,metric,rice-production,assam,UPAg / data.gov.in,licence_check,50,1.0,1.019
rice production in bihar,agriculture,metric,rice-production,bihar,UPAg / data.gov.in,licence_check,50,1.0,1.019
rice production in chhattisgarh,agriculture,metric,rice-production,chhattisgarh,UPAg / data.gov.in,licence_check,50,1.0,1.019
rice production in gujarat,agriculture,metric,rice-production,gujarat,UPAg / data.gov.in,licence_check,50,1.0,1.019
rice production in haryana,agriculture,metric,rice-production,haryana,UPAg / data.gov.in,licence_check,50,1.0,1.019
rice production in jharkhand,agriculture,metric,rice-production,jharkhand,UPAg / data.gov.in,licence_check,50,1.0,1.019
rice production in karnataka,agriculture,metric,rice-production,karnataka,UPAg / data.gov.in,licence_check,50,1.0,1.019
rice production in kerala,agriculture,metric,rice-production,kerala,UPAg / data.gov.in,licence_check,50,1.0,1.019
rice production in madhya pradesh,agriculture,metric,rice-production,madhya pradesh,UPAg / data.gov.in,licence_check,50,1.0,1.019
rice production in maharashtra,agriculture,metric,rice-production,maharashtra,UPAg / data.gov.in,licence_check,50,1.0,1.019
rice production in punjab,agriculture,metric,rice-production,punjab,UPAg / data.gov.in,licence_check,50,1.0,1.019
rice production in rajasthan,agriculture,metric,rice-production,rajasthan,UPAg / data.gov.in,licence_check,50,1.0,1.019
rice production in tamil nadu,agriculture,metric,rice-production,tamil nadu,UPAg / data.gov.in,licence_check,50,1.0,1.019
rice production in telangana,agriculture,metric,rice-production,telangana,UPAg / data.gov.in,licence_check,50,1.0,1.019
rice production in uttar pradesh,agriculture,metric,rice-production,uttar pradesh,UPAg / data.gov.in,licence_check,50,1.0,1.019
wheat production in andhra pradesh,agriculture,metric,wheat-production,andhra pradesh,UPAg / data.gov.in,licence_check,50,1.0,1.019
wheat production in assam,agriculture,metric,wheat-production,assam,UPAg / data.gov.in,licence_check,50,1.0,1.019
wheat production in bihar,agriculture,metric,wheat-production,bihar,UPAg / data.gov.in,licence_check,50,1.0,1.019
wheat production in chhattisgarh,agriculture,metric,wheat-production,chhattisgarh,UPAg / data.gov.in,licence_check,50,1.0,1.019
wheat production in gujarat,agriculture,metric,wheat-production,gujarat,UPAg / data.gov.in,licence_check,50,1.0,1.019
wheat production in haryana,agriculture,metric,wheat-production,haryana,UPAg / data.gov.in,licence_check,50,1.0,1.019
wheat production in jharkhand,agriculture,metric,wheat-production,jharkhand,UPAg / data.gov.in,licence_check,50,1.0,1.019
wheat production in karnataka,agriculture,metric,wheat-production,karnataka,UPAg / data.gov.in,licence_check,50,1.0,1.019
wheat production in kerala,agriculture,metric,wheat-production,kerala,UPAg / data.gov.in,licence_check,50,1.0,1.019
wheat production in madhya pradesh,agriculture,metric,wheat-production,madhya pradesh,UPAg / data.gov.in,licence_check,50,1.0,1.019
wheat production in maharashtra,agriculture,metric,wheat-production,maharashtra,UPAg / data.gov.in,licence_check,50,1.0,1.019
wheat production in odisha,agriculture,metric,wheat-production,odisha,UPAg / data.gov.in,licence_check,50,1.0,1.019
wheat production in rajasthan,agriculture,metric,wheat-production,rajasthan,UPAg / data.gov.in,licence_check,50,1.0,1.019
wheat production in telangana,agriculture,metric,wheat-production,telangana,UPAg / data.gov.in,licence_check,50,1.0,1.019
wheat production in uttar pradesh,agriculture,metric,wheat-production,uttar pradesh,UPAg / data.gov.in,licence_check,50,1.0,1.019
wheat production in west bengal,agriculture,metric,wheat-production,west bengal,UPAg / data.gov.in,licence_check,50,1.0,1.019
sugarcane production in assam,agriculture,metric,sugarcane-production,assam,UPAg / data.gov.in,licence_check,50,1.0,1.019
sugarcane production in bihar,agriculture,metric,sugarcane-production,bihar,UPAg / data.gov.in,licence_check,50,1.0,1.019
sugarcane production in chhattisgarh,agriculture,metric,sugarcane-production,chhattisgarh,UPAg / data.gov.in,licence_check,50,1.0,1.019
sugarcane production in karnataka,agriculture,metric,sugarcane-production,karnataka,UPAg / data.gov.in,licence_check,50,1.0,1.019
sugarcane production in kerala,agriculture,metric,sugarcane-production,kerala,UPAg / data.gov.in,licence_check,50,1.0,1.019
sugarcane production in telangana,agriculture,metric,sugarcane-production,telangana,UPAg / data.gov.in,licence_check,50,1.0,1.019
cotton production in andhra pradesh,agriculture,metric,cotton-production,andhra pradesh,UPAg / data.gov.in,licence_check,50,1.0,1.019
cotton production in assam,agriculture,metric,cotton-production,assam,UPAg / data.gov.in,licence_check,50,1.0,1.019
cotton production in bihar,agriculture,metric,cotton-production,bihar,UPAg / data.gov.in,licence_check,50,1.0,1.019
cotton production in chhattisgarh,agriculture,metric,cotton-production,chhattisgarh,UPAg / data.gov.in,licence_check,50,1.0,1.019
cotton production in gujarat,agriculture,metric,cotton-production,gujarat,UPAg / data.gov.in,licence_check,50,1.0,1.019
cotton production in haryana,agriculture,metric,cotton-production,haryana,UPAg / data.gov.in,licence_check,50,1.0,1.019
cotton production in jharkhand,agriculture,metric,cotton-production,jharkhand,UPAg / data.gov.in,licence_check,50,1.0,1.019
cotton production in karnataka,agriculture,metric,cotton-production,karnataka,UPAg / data.gov.in,licence_check,50,1.0,1.019
cotton production in kerala,agriculture,metric,cotton-production,kerala,UPAg / data.gov.in,licence_check,50,1.0,1.019
cotton production in madhya pradesh,agriculture,metric,cotton-production,madhya pradesh,UPAg / data.gov.in,licence_check,50,1.0,1.019
cotton production in maharashtra,agriculture,metric,cotton-production,maharashtra,UPAg / data.gov.in,licence_check,50,1.0,1.019
cotton production in odisha,agriculture,metric,cotton-production,odisha,UPAg / data.gov.in,licence_check,50,1.0,1.019
cotton production in punjab,agriculture,metric,cotton-production,punjab,UPAg / data.gov.in,licence_check,50,1.0,1.019
cotton production in rajasthan,agriculture,metric,cotton-production,rajasthan,UPAg / data.gov.in,licence_check,50,1.0,1.019
cotton production in telangana,agriculture,metric,cotton-production,telangana,UPAg / data.gov.in,licence_check,50,1.0,1.019
cotton production in uttar pradesh,agriculture,metric,cotton-production,uttar pradesh,UPAg / data.gov.in,licence_check,50,1.0,1.019
cotton production in west bengal,agriculture,metric,cotton-production,west bengal,UPAg / data.gov.in,licence_check,50,1.0,1.019
road accidents in andhra pradesh,road-safety,metric,road-accidents,andhra pradesh,MoRTH,licence_check,50,1.0,1.019
electric vehicles in andhra pradesh,vehicles,metric,ev-registrations,andhra pradesh,Vahan,licence_check,50,1.0,1.019
road accidents in assam,road-safety,metric,road-accidents,assam,MoRTH,licence_check,50,1.0,1.019
electric vehicles in bihar,vehicles,metric,ev-registrations,bihar,Vahan,licence_check,50,1.0,1.019
road accidents in gujarat,road-safety,metric,road-accidents,gujarat,MoRTH,licence_check,50,1.0,1.019
electric vehicles in gujarat,vehicles,metric,ev-registrations,gujarat,Vahan,licence_check,50,1.0,1.019
road accidents in karnataka,road-safety,metric,road-accidents,karnataka,MoRTH,licence_check,50,1.0,1.019
electric vehicles in karnataka,vehicles,metric,ev-registrations,karnataka,Vahan,licence_check,50,1.0,1.019
number of vehicles in kerala,vehicles,metric,registered-vehicles,kerala,Vahan / data.gov.in,licence_check,50,1.0,1.019
electric vehicles in madhya pradesh,vehicles,metric,ev-registrations,madhya pradesh,Vahan,licence_check,50,1.0,1.019
road accidents in maharashtra,road-safety,metric,road-accidents,maharashtra,MoRTH,licence_check,50,1.0,1.019
number of vehicles in maharashtra,vehicles,metric,registered-vehicles,maharashtra,Vahan / data.gov.in,licence_check,50,1.0,1.019
electric vehicles in maharashtra,vehicles,metric,ev-registrations,maharashtra,Vahan,licence_check,50,1.0,1.019
road accidents in odisha,road-safety,metric,road-accidents,odisha,MoRTH,licence_check,50,1.0,1.019
electric vehicles in odisha,vehicles,metric,ev-registrations,odisha,Vahan,licence_check,50,1.0,1.019
electric vehicles in punjab,vehicles,metric,ev-registrations,punjab,Vahan,licence_check,50,1.0,1.019
road accidents in rajasthan,road-safety,metric,road-accidents,rajasthan,MoRTH,licence_check,50,1.0,1.019
road accidents in tamil nadu,road-safety,metric,road-accidents,tamil nadu,MoRTH,licence_check,50,1.0,1.019
number of vehicles in tamil nadu,vehicles,metric,registered-vehicles,tamil nadu,Vahan / data.gov.in,licence_check,50,1.0,1.019
electric vehicles in tamil nadu,vehicles,metric,ev-registrations,tamil nadu,Vahan,licence_check,50,1.0,1.019
road accidents in telangana,road-safety,metric,road-accidents,telangana,MoRTH,licence_check,50,1.0,1.019
electric vehicles in telangana,vehicles,metric,ev-registrations,telangana,Vahan,licence_check,50,1.0,1.019
road accidents in west bengal,road-safety,metric,road-accidents,west bengal,MoRTH,licence_check,50,1.0,1.019
electric vehicles in west bengal,vehicles,metric,ev-registrations,west bengal,Vahan,licence_check,50,1.0,1.019
electric vehicles in delhi,vehicles,metric,ev-registrations,delhi,Vahan,licence_check,50,1.0,1.019
maize production in india,agriculture,national,maize-production,india,UPAg / data.gov.in,licence_check,500,0.6,0.972
pulses production in india,agriculture,national,pulses-production,india,UPAg / data.gov.in,licence_check,500,0.6,0.972
groundnut production in india,agriculture,national,groundnut-production,india,UPAg / data.gov.in,licence_check,500,0.6,0.972
soybean production in india,agriculture,national,soybean-production,india,UPAg / data.gov.in,licence_check,500,0.6,0.972
mustard production in india,agriculture,national,mustard-production,india,UPAg / data.gov.in,licence_check,500,0.6,0.972
potato production in india,agriculture,national,potato-production,india,UPAg / data.gov.in,licence_check,500,0.6,0.972
onion production in india,agriculture,national,onion-production,india,UPAg / data.gov.in,licence_check,500,0.6,0.972
tea production in india,agriculture,national,tea-production,india,UPAg / data.gov.in,licence_check,500,0.6,0.972
jute production in india,agriculture,national,jute-production,india,UPAg / data.gov.in,licence_check,500,0.6,0.972
sugar price today,food-prices,national,sugar-retail-price,india,DoCA PMC / Agmarknet,licence_check,500000,0.24,0.821
nfhs 5 state wise data,population/health,national/ranking,,india,Census 2011 / MoSPI,licence_check,50,0.8,0.816
state wise vehicle registration,misc,national/ranking,,india,various,licence_check,50,0.8,0.816
per capita electricity consumption india,misc,national/ranking,,india,various,licence_check,50,0.8,0.816
electricity tariff state wise,misc,national/ranking,,india,various,licence_check,50,0.8,0.816
onion price today,food-prices,national,onion-retail-price,india,DoCA PMC / Agmarknet,licence_check,50000,0.24,0.677
onion price today in chennai,food-prices,metric,onion-retail-price,chennai,DoCA PMC / Agmarknet,licence_check,500,0.4,0.648
onion price today in hyderabad,food-prices,metric,onion-retail-price,hyderabad,DoCA PMC / Agmarknet,licence_check,500,0.4,0.648
tomato price today in delhi,food-prices,metric,tomato-retail-price,delhi,DoCA PMC / Agmarknet,licence_check,500,0.4,0.648
wheat price today in delhi,food-prices,metric,wheat-retail-price,delhi,DoCA PMC / Agmarknet,licence_check,500,0.4,0.648
gram production in india,agriculture,national,gram-production,india,UPAg / data.gov.in,licence_check,50,0.6,0.612
tur dal production in india,agriculture,national,tur dal-production,india,UPAg / data.gov.in,licence_check,50,0.6,0.612
tomato price today,food-prices,national,tomato-retail-price,india,DoCA PMC / Agmarknet,licence_check,5000,0.24,0.533
potato price today,food-prices,national,potato-retail-price,india,DoCA PMC / Agmarknet,licence_check,5000,0.24,0.533
rice price today,food-prices,national,rice-retail-price,india,DoCA PMC / Agmarknet,licence_check,5000,0.24,0.533
wheat price today,food-prices,national,wheat-retail-price,india,DoCA PMC / Agmarknet,licence_check,5000,0.24,0.533
milk price today,food-prices,national,milk-retail-price,india,DoCA PMC / Agmarknet,licence_check,5000,0.24,0.533
mustard oil price today,food-prices,national,mustard oil-retail-price,india,DoCA PMC / Agmarknet,licence_check,5000,0.24,0.533
onion price today in delhi,food-prices,metric,onion-retail-price,delhi,DoCA PMC / Agmarknet,licence_check,50,0.4,0.408
onion price today in mumbai,food-prices,metric,onion-retail-price,mumbai,DoCA PMC / Agmarknet,licence_check,50,0.4,0.408
onion price today in kolkata,food-prices,metric,onion-retail-price,kolkata,DoCA PMC / Agmarknet,licence_check,50,0.4,0.408
onion price today in ahmedabad,food-prices,metric,onion-retail-price,ahmedabad,DoCA PMC / Agmarknet,licence_check,50,0.4,0.408
onion price today in pune,food-prices,metric,onion-retail-price,pune,DoCA PMC / Agmarknet,licence_check,50,0.4,0.408
onion price today in lucknow,food-prices,metric,onion-retail-price,lucknow,DoCA PMC / Agmarknet,licence_check,50,0.4,0.408
onion price today in jaipur,food-prices,metric,onion-retail-price,jaipur,DoCA PMC / Agmarknet,licence_check,50,0.4,0.408
onion price today in patna,food-prices,metric,onion-retail-price,patna,DoCA PMC / Agmarknet,licence_check,50,0.4,0.408
onion price today in chandigarh,food-prices,metric,onion-retail-price,chandigarh,DoCA PMC / Agmarknet,licence_check,50,0.4,0.408
onion price today in bhubaneswar,food-prices,metric,onion-retail-price,bhubaneswar,DoCA PMC / Agmarknet,licence_check,50,0.4,0.408
onion price today in guwahati,food-prices,metric,onion-retail-price,guwahati,DoCA PMC / Agmarknet,licence_check,50,0.4,0.408
tomato price today in mumbai,food-prices,metric,tomato-retail-price,mumbai,DoCA PMC / Agmarknet,licence_check,50,0.4,0.408
tomato price today in kolkata,food-prices,metric,tomato-retail-price,kolkata,DoCA PMC / Agmarknet,licence_check,50,0.4,0.408
tomato price today in chennai,food-prices,metric,tomato-retail-price,chennai,DoCA PMC / Agmarknet,licence_check,50,0.4,0.408
tomato price today in hyderabad,food-prices,metric,tomato-retail-price,hyderabad,DoCA PMC / Agmarknet,licence_check,50,0.4,0.408
tomato price today in lucknow,food-prices,metric,tomato-retail-price,lucknow,DoCA PMC / Agmarknet,licence_check,50,0.4,0.408
tomato price today in jaipur,food-prices,metric,tomato-retail-price,jaipur,DoCA PMC / Agmarknet,licence_check,50,0.4,0.408
tomato price today in chandigarh,food-prices,metric,tomato-retail-price,chandigarh,DoCA PMC / Agmarknet,licence_check,50,0.4,0.408
tomato price today in bhubaneswar,food-prices,metric,tomato-retail-price,bhubaneswar,DoCA PMC / Agmarknet,licence_check,50,0.4,0.408
potato price today in delhi,food-prices,metric,potato-retail-price,delhi,DoCA PMC / Agmarknet,licence_check,50,0.4,0.408
potato price today in mumbai,food-prices,metric,potato-retail-price,mumbai,DoCA PMC / Agmarknet,licence_check,50,0.4,0.408
potato price today in kolkata,food-prices,metric,potato-retail-price,kolkata,DoCA PMC / Agmarknet,licence_check,50,0.4,0.408
wheat price today in jaipur,food-prices,metric,wheat-retail-price,jaipur,DoCA PMC / Agmarknet,licence_check,50,0.4,0.408
milk price today in delhi,food-prices,metric,milk-retail-price,delhi,DoCA PMC / Agmarknet,licence_check,50,0.4,0.408
sugar price today in delhi,food-prices,metric,sugar-retail-price,delhi,DoCA PMC / Agmarknet,licence_check,50,0.4,0.408
sugar price today in mumbai,food-prices,metric,sugar-retail-price,mumbai,DoCA PMC / Agmarknet,licence_check,50,0.4,0.408
sugar price today in kolkata,food-prices,metric,sugar-retail-price,kolkata,DoCA PMC / Agmarknet,licence_check,50,0.4,0.408
sugar price today in chennai,food-prices,metric,sugar-retail-price,chennai,DoCA PMC / Agmarknet,licence_check,50,0.4,0.408
sugar price today in hyderabad,food-prices,metric,sugar-retail-price,hyderabad,DoCA PMC / Agmarknet,licence_check,50,0.4,0.408
sugar price today in ahmedabad,food-prices,metric,sugar-retail-price,ahmedabad,DoCA PMC / Agmarknet,licence_check,50,0.4,0.408
sugar price today in pune,food-prices,metric,sugar-retail-price,pune,DoCA PMC / Agmarknet,licence_check,50,0.4,0.408
sugar price today in lucknow,food-prices,metric,sugar-retail-price,lucknow,DoCA PMC / Agmarknet,licence_check,50,0.4,0.408
sugar price today in patna,food-prices,metric,sugar-retail-price,patna,DoCA PMC / Agmarknet,licence_check,50,0.4,0.408
sugar price today in bhopal,food-prices,metric,sugar-retail-price,bhopal,DoCA PMC / Agmarknet,licence_check,50,0.4,0.408
sugar price today in chandigarh,food-prices,metric,sugar-retail-price,chandigarh,DoCA PMC / Agmarknet,licence_check,50,0.4,0.408
mustard oil price today in delhi,food-prices,metric,mustard oil-retail-price,delhi,DoCA PMC / Agmarknet,licence_check,50,0.4,0.408
mustard oil price today in kolkata,food-prices,metric,mustard oil-retail-price,kolkata,DoCA PMC / Agmarknet,licence_check,50,0.4,0.408
mustard oil price today in patna,food-prices,metric,mustard oil-retail-price,patna,DoCA PMC / Agmarknet,licence_check,50,0.4,0.408
atta price today,food-prices,national,atta-retail-price,india,DoCA PMC / Agmarknet,licence_check,500,0.24,0.389
tur dal price today,food-prices,national,tur dal-retail-price,india,DoCA PMC / Agmarknet,licence_check,500,0.24,0.389
arunachal pradesh unemployment rate,labour,metric,unemployment-rate,arunachal pradesh,MoSPI PLFS,ready,0,1.0,0.0
gujarat unemployment rate,labour,metric,unemployment-rate,gujarat,MoSPI PLFS,ready,,1.0,0.0
kerala unemployment rate,labour,metric,unemployment-rate,kerala,MoSPI PLFS,ready,,1.0,0.0
delhi unemployment rate,labour,metric,unemployment-rate,delhi,MoSPI PLFS,ready,,1.0,0.0
unemployment rate in puducherry,labour,metric,unemployment-rate,puducherry,MoSPI PLFS,ready,0,1.0,0.0
puducherry unemployment rate,labour,metric,unemployment-rate,puducherry,MoSPI PLFS,ready,0,1.0,0.0
unemployment rate in chandigarh,labour,metric,unemployment-rate,chandigarh,MoSPI PLFS,ready,0,1.0,0.0
chandigarh unemployment rate,labour,metric,unemployment-rate,chandigarh,MoSPI PLFS,ready,0,1.0,0.0
unemployment rate in andaman and nicobar islands,labour,metric,unemployment-rate,andaman and nicobar islands,MoSPI PLFS,ready,0,1.0,0.0
andaman and nicobar islands unemployment rate,labour,metric,unemployment-rate,andaman and nicobar islands,MoSPI PLFS,ready,0,1.0,0.0
unemployment rate in lakshadweep,labour,metric,unemployment-rate,lakshadweep,MoSPI PLFS,ready,0,1.0,0.0
lakshadweep unemployment rate,labour,metric,unemployment-rate,lakshadweep,MoSPI PLFS,ready,0,1.0,0.0
unemployment rate in dadra and nagar haveli and daman and diu,labour,metric,unemployment-rate,dadra and nagar haveli and daman and diu,MoSPI PLFS,ready,,1.0,0.0
dadra and nagar haveli and daman and diu unemployment rate,labour,metric,unemployment-rate,dadra and nagar haveli and daman and diu,MoSPI PLFS,ready,0,1.0,0.0
youth unemployment rate andhra pradesh,labour,metric,youth-unemployment-rate,andhra pradesh,MoSPI PLFS,ready,0,1.0,0.0
female labour force participation rate andhra pradesh,labour,metric,female-lfpr,andhra pradesh,MoSPI PLFS,ready,0,1.0,0.0
average salary in andhra pradesh,labour,metric,regular-wage-earnings,andhra pradesh,MoSPI PLFS,ready,0,1.0,0.0
youth unemployment rate assam,labour,metric,youth-unemployment-rate,assam,MoSPI PLFS,ready,0,1.0,0.0
female labour force participation rate assam,labour,metric,female-lfpr,assam,MoSPI PLFS,ready,0,1.0,0.0
youth unemployment rate bihar,labour,metric,youth-unemployment-rate,bihar,MoSPI PLFS,ready,0,1.0,0.0
female labour force participation rate bihar,labour,metric,female-lfpr,bihar,MoSPI PLFS,ready,0,1.0,0.0
youth unemployment rate chhattisgarh,labour,metric,youth-unemployment-rate,chhattisgarh,MoSPI PLFS,ready,0,1.0,0.0
female labour force participation rate chhattisgarh,labour,metric,female-lfpr,chhattisgarh,MoSPI PLFS,ready,0,1.0,0.0
average salary in chhattisgarh,labour,metric,regular-wage-earnings,chhattisgarh,MoSPI PLFS,ready,0,1.0,0.0
youth unemployment rate gujarat,labour,metric,youth-unemployment-rate,gujarat,MoSPI PLFS,ready,0,1.0,0.0
female labour force participation rate gujarat,labour,metric,female-lfpr,gujarat,MoSPI PLFS,ready,0,1.0,0.0
youth unemployment rate haryana,labour,metric,youth-unemployment-rate,haryana,MoSPI PLFS,ready,0,1.0,0.0
female labour force participation rate haryana,labour,metric,female-lfpr,haryana,MoSPI PLFS,ready,0,1.0,0.0
youth unemployment rate jharkhand,labour,metric,youth-unemployment-rate,jharkhand,MoSPI PLFS,ready,0,1.0,0.0
female labour force participation rate jharkhand,labour,metric,female-lfpr,jharkhand,MoSPI PLFS,ready,0,1.0,0.0
average salary in jharkhand,labour,metric,regular-wage-earnings,jharkhand,MoSPI PLFS,ready,0,1.0,0.0
youth unemployment rate karnataka,labour,metric,youth-unemployment-rate,karnataka,MoSPI PLFS,ready,0,1.0,0.0
female labour force participation rate karnataka,labour,metric,female-lfpr,karnataka,MoSPI PLFS,ready,0,1.0,0.0
youth unemployment rate kerala,labour,metric,youth-unemployment-rate,kerala,MoSPI PLFS,ready,0,1.0,0.0
female labour force participation rate kerala,labour,metric,female-lfpr,kerala,MoSPI PLFS,ready,0,1.0,0.0
youth unemployment rate madhya pradesh,labour,metric,youth-unemployment-rate,madhya pradesh,MoSPI PLFS,ready,0,1.0,0.0
female labour force participation rate madhya pradesh,labour,metric,female-lfpr,madhya pradesh,MoSPI PLFS,ready,0,1.0,0.0
average salary in madhya pradesh,labour,metric,regular-wage-earnings,madhya pradesh,MoSPI PLFS,ready,0,1.0,0.0
youth unemployment rate maharashtra,labour,metric,youth-unemployment-rate,maharashtra,MoSPI PLFS,ready,0,1.0,0.0
female labour force participation rate maharashtra,labour,metric,female-lfpr,maharashtra,MoSPI PLFS,ready,0,1.0,0.0
youth unemployment rate odisha,labour,metric,youth-unemployment-rate,odisha,MoSPI PLFS,ready,0,1.0,0.0
female labour force participation rate odisha,labour,metric,female-lfpr,odisha,MoSPI PLFS,ready,0,1.0,0.0
youth unemployment rate punjab,labour,metric,youth-unemployment-rate,punjab,MoSPI PLFS,ready,0,1.0,0.0
female labour force participation rate punjab,labour,metric,female-lfpr,punjab,MoSPI PLFS,ready,0,1.0,0.0
youth unemployment rate rajasthan,labour,metric,youth-unemployment-rate,rajasthan,MoSPI PLFS,ready,0,1.0,0.0
female labour force participation rate rajasthan,labour,metric,female-lfpr,rajasthan,MoSPI PLFS,ready,0,1.0,0.0
youth unemployment rate tamil nadu,labour,metric,youth-unemployment-rate,tamil nadu,MoSPI PLFS,ready,0,1.0,0.0
female labour force participation rate tamil nadu,labour,metric,female-lfpr,tamil nadu,MoSPI PLFS,ready,0,1.0,0.0
youth unemployment rate telangana,labour,metric,youth-unemployment-rate,telangana,MoSPI PLFS,ready,0,1.0,0.0
female labour force participation rate telangana,labour,metric,female-lfpr,telangana,MoSPI PLFS,ready,0,1.0,0.0
youth unemployment rate uttar pradesh,labour,metric,youth-unemployment-rate,uttar pradesh,MoSPI PLFS,ready,0,1.0,0.0
female labour force participation rate uttar pradesh,labour,metric,female-lfpr,uttar pradesh,MoSPI PLFS,ready,0,1.0,0.0
youth unemployment rate west bengal,labour,metric,youth-unemployment-rate,west bengal,MoSPI PLFS,ready,0,1.0,0.0
female labour force participation rate west bengal,labour,metric,female-lfpr,west bengal,MoSPI PLFS,ready,0,1.0,0.0
youth unemployment rate delhi,labour,metric,youth-unemployment-rate,delhi,MoSPI PLFS,ready,0,1.0,0.0
female labour force participation rate delhi,labour,metric,female-lfpr,delhi,MoSPI PLFS,ready,0,1.0,0.0
india unemployment rate,labour,national/ranking/release,,india,MoSPI PLFS,ready,,0.6,0.0
female unemployment rate india,labour,national/ranking/release,,india,MoSPI PLFS,ready,0,0.6,0.0
urban unemployment rate india,labour,national/ranking/release,,india,MoSPI PLFS,ready,0,0.6,0.0
rural unemployment rate india,labour,national/ranking/release,,india,MoSPI PLFS,ready,0,0.6,0.0
unemployment rate october 2026,labour,national/ranking/release,,india,MoSPI PLFS,ready,0,0.6,0.0
unemployment rate by education india,labour,national/ranking/release,,india,MoSPI PLFS,ready,0,0.6,0.0
graduate unemployment rate india,labour,national/ranking/release,,india,MoSPI PLFS,ready,0,0.6,0.0
cpi inflation october 2026,prices,national/release/tool,,india,MoSPI CPI/WPI,ready,0,0.8,0.0
retail inflation october 2026,prices,national/release/tool,,india,MoSPI CPI/WPI,ready,0,0.8,0.0
urban inflation india,prices,national/release/tool,,india,MoSPI CPI/WPI,ready,0,0.8,0.0
wpi inflation october 2026,prices,national/release/tool,,india,MoSPI CPI/WPI,ready,0,0.8,0.0
cpi new base year 2024,prices,national/release/tool,,india,MoSPI CPI/WPI,ready,0,0.8,0.0
state wise inflation india,prices,national/release/tool,,india,MoSPI CPI/WPI,ready,0,0.8,0.0
inflation rate in chhattisgarh,prices,metric,cpi-inflation,chhattisgarh,MoSPI CPI,ready,0,1.0,0.0
inflation rate in jharkhand,prices,metric,cpi-inflation,jharkhand,MoSPI CPI,ready,0,1.0,0.0
inflation rate in madhya pradesh,prices,metric,cpi-inflation,madhya pradesh,MoSPI CPI,ready,0,1.0,0.0
inflation rate in tamil nadu,prices,metric,cpi-inflation,tamil nadu,MoSPI CPI,ready,0,1.0,0.0
andhra pradesh gdp,economy,metric,gsdp,andhra pradesh,MoSPI NAS,ready,,1.0,0.0
gdp of assam,economy,metric,gsdp,assam,MoSPI NAS,ready,,1.0,0.0
bihar gdp,economy,metric,gsdp,bihar,MoSPI NAS,ready,,1.0,0.0
gujarat gdp,economy,metric,gsdp,gujarat,MoSPI NAS,ready,,1.0,0.0
karnataka gdp,economy,metric,gsdp,karnataka,MoSPI NAS,ready,,1.0,0.0
kerala gdp,economy,metric,gsdp,kerala,MoSPI NAS,ready,,1.0,0.0
madhya pradesh gdp,economy,metric,gsdp,madhya pradesh,MoSPI NAS,ready,,1.0,0.0
maharashtra gdp,economy,metric,gsdp,maharashtra,MoSPI NAS,ready,,1.0,0.0
uttar pradesh gdp,economy,metric,gsdp,uttar pradesh,MoSPI NAS,ready,,1.0,0.0
west bengal gdp,economy,metric,gsdp,west bengal,MoSPI NAS,ready,,1.0,0.0
delhi gdp,economy,metric,gsdp,delhi,MoSPI NAS,ready,,1.0,0.0
jammu and kashmir gdp,economy,metric,gsdp,jammu and kashmir,MoSPI NAS,ready,,1.0,0.0
gdp of dadra and nagar haveli and daman and diu,economy,metric,gsdp,dadra and nagar haveli and daman and diu,MoSPI NAS,ready,0,1.0,0.0
dadra and nagar haveli and daman and diu gdp,economy,metric,gsdp,dadra and nagar haveli and daman and diu,MoSPI NAS,ready,0,1.0,0.0
per capita income of dadra and nagar haveli and daman and diu,economy,metric,per-capita-nsdp,dadra and nagar haveli and daman and diu,MoSPI NAS,ready,,1.0,0.0
gdp growth rate india quarterly,economy,national/ranking/release,,india,MoSPI NAS,ready,0,0.6,0.0
gsdp ranking of states,economy,national/ranking/release,,india,MoSPI NAS,ready,0,0.6,0.0
gdp new base year 2022-23,economy,national/ranking/release,,india,MoSPI NAS,ready,,0.6,0.0
maharashtra vs gujarat per capita income,economy,comparison,per-capita-nsdp,maharashtra|gujarat,MoSPI NAS,ready,0,1.5,0.0
maharashtra vs tamil nadu per capita income,economy,comparison,per-capita-nsdp,maharashtra|tamil nadu,MoSPI NAS,ready,0,1.5,0.0
karnataka vs tamil nadu per capita income,economy,comparison,per-capita-nsdp,karnataka|tamil nadu,MoSPI NAS,ready,0,1.5,0.0
uttar pradesh vs bihar gdp,economy,comparison,gsdp,uttar pradesh|bihar,MoSPI NAS,ready,0,1.5,0.0
uttar pradesh vs bihar per capita income,economy,comparison,per-capita-nsdp,uttar pradesh|bihar,MoSPI NAS,ready,0,1.5,0.0
kerala vs tamil nadu per capita income,economy,comparison,per-capita-nsdp,kerala|tamil nadu,MoSPI NAS,ready,0,1.5,0.0
karnataka vs maharashtra per capita income,economy,comparison,per-capita-nsdp,karnataka|maharashtra,MoSPI NAS,ready,0,1.5,0.0
telangana vs andhra pradesh per capita income,economy,comparison,per-capita-nsdp,telangana|andhra pradesh,MoSPI NAS,ready,0,1.5,0.0
punjab vs haryana per capita income,economy,comparison,per-capita-nsdp,punjab|haryana,MoSPI NAS,ready,0,1.5,0.0
delhi vs mumbai per capita income,economy,comparison,per-capita-nsdp,delhi|mumbai,MoSPI NAS,ready,0,1.5,0.0
number of schools in arunachal pradesh,education,metric,schools,arunachal pradesh,MoSPI UDISE+,ready,0,1.0,0.0
number of schools in himachal pradesh,education,metric,schools,himachal pradesh,MoSPI UDISE+,ready,0,1.0,0.0
number of schools in madhya pradesh,education,metric,schools,madhya pradesh,MoSPI UDISE+,ready,0,1.0,0.0
number of schools in nagaland,education,metric,schools,nagaland,MoSPI UDISE+,ready,0,1.0,0.0
number of schools in sikkim,education,metric,schools,sikkim,MoSPI UDISE+,ready,0,1.0,0.0
number of schools in tripura,education,metric,schools,tripura,MoSPI UDISE+,ready,0,1.0,0.0
number of schools in ladakh,education,metric,schools,ladakh,MoSPI UDISE+,ready,0,1.0,0.0
number of schools in puducherry,education,metric,schools,puducherry,MoSPI UDISE+,ready,0,1.0,0.0
number of schools in andaman and nicobar islands,education,metric,schools,andaman and nicobar islands,MoSPI UDISE+,ready,0,1.0,0.0
number of schools in lakshadweep,education,metric,schools,lakshadweep,MoSPI UDISE+,ready,0,1.0,0.0
number of schools in dadra and nagar haveli and daman and diu,education,metric,schools,dadra and nagar haveli and daman and diu,MoSPI UDISE+,ready,,1.0,0.0
pupil teacher ratio andhra pradesh,education,metric,ptr,andhra pradesh,MoSPI UDISE+,ready,0,1.0,0.0
school dropout rate andhra pradesh,education,metric,dropout-rate,andhra pradesh,MoSPI UDISE+,ready,0,1.0,0.0
number of teachers in andhra pradesh,education,metric,teachers,andhra pradesh,MoSPI UDISE+,ready,0,1.0,0.0
pupil teacher ratio assam,education,metric,ptr,assam,MoSPI UDISE+,ready,0,1.0,0.0
school dropout rate assam,education,metric,dropout-rate,assam,MoSPI UDISE+,ready,0,1.0,0.0
number of teachers in assam,education,metric,teachers,assam,MoSPI UDISE+,ready,0,1.0,0.0
pupil teacher ratio bihar,education,metric,ptr,bihar,MoSPI UDISE+,ready,0,1.0,0.0
school dropout rate bihar,education,metric,dropout-rate,bihar,MoSPI UDISE+,ready,0,1.0,0.0
pupil teacher ratio chhattisgarh,education,metric,ptr,chhattisgarh,MoSPI UDISE+,ready,0,1.0,0.0
school dropout rate chhattisgarh,education,metric,dropout-rate,chhattisgarh,MoSPI UDISE+,ready,0,1.0,0.0
number of teachers in chhattisgarh,education,metric,teachers,chhattisgarh,MoSPI UDISE+,ready,0,1.0,0.0
pupil teacher ratio gujarat,education,metric,ptr,gujarat,MoSPI UDISE+,ready,0,1.0,0.0
school dropout rate gujarat,education,metric,dropout-rate,gujarat,MoSPI UDISE+,ready,0,1.0,0.0
number of teachers in gujarat,education,metric,teachers,gujarat,MoSPI UDISE+,ready,0,1.0,0.0
pupil teacher ratio haryana,education,metric,ptr,haryana,MoSPI UDISE+,ready,0,1.0,0.0
school dropout rate haryana,education,metric,dropout-rate,haryana,MoSPI UDISE+,ready,0,1.0,0.0
number of teachers in haryana,education,metric,teachers,haryana,MoSPI UDISE+,ready,0,1.0,0.0
pupil teacher ratio jharkhand,education,metric,ptr,jharkhand,MoSPI UDISE+,ready,0,1.0,0.0
school dropout rate jharkhand,education,metric,dropout-rate,jharkhand,MoSPI UDISE+,ready,0,1.0,0.0
number of teachers in jharkhand,education,metric,teachers,jharkhand,MoSPI UDISE+,ready,0,1.0,0.0
pupil teacher ratio karnataka,education,metric,ptr,karnataka,MoSPI UDISE+,ready,0,1.0,0.0
school dropout rate karnataka,education,metric,dropout-rate,karnataka,MoSPI UDISE+,ready,0,1.0,0.0
number of teachers in karnataka,education,metric,teachers,karnataka,MoSPI UDISE+,ready,0,1.0,0.0
pupil teacher ratio kerala,education,metric,ptr,kerala,MoSPI UDISE+,ready,0,1.0,0.0
school dropout rate kerala,education,metric,dropout-rate,kerala,MoSPI UDISE+,ready,0,1.0,0.0
number of teachers in kerala,education,metric,teachers,kerala,MoSPI UDISE+,ready,0,1.0,0.0
pupil teacher ratio madhya pradesh,education,metric,ptr,madhya pradesh,MoSPI UDISE+,ready,0,1.0,0.0
school dropout rate madhya pradesh,education,metric,dropout-rate,madhya pradesh,MoSPI UDISE+,ready,0,1.0,0.0
number of teachers in madhya pradesh,education,metric,teachers,madhya pradesh,MoSPI UDISE+,ready,0,1.0,0.0
pupil teacher ratio maharashtra,education,metric,ptr,maharashtra,MoSPI UDISE+,ready,0,1.0,0.0
school dropout rate maharashtra,education,metric,dropout-rate,maharashtra,MoSPI UDISE+,ready,0,1.0,0.0
number of teachers in maharashtra,education,metric,teachers,maharashtra,MoSPI UDISE+,ready,0,1.0,0.0
pupil teacher ratio odisha,education,metric,ptr,odisha,MoSPI UDISE+,ready,0,1.0,0.0
school dropout rate odisha,education,metric,dropout-rate,odisha,MoSPI UDISE+,ready,0,1.0,0.0
number of teachers in odisha,education,metric,teachers,odisha,MoSPI UDISE+,ready,0,1.0,0.0
pupil teacher ratio punjab,education,metric,ptr,punjab,MoSPI UDISE+,ready,0,1.0,0.0
school dropout rate punjab,education,metric,dropout-rate,punjab,MoSPI UDISE+,ready,0,1.0,0.0
number of teachers in punjab,education,metric,teachers,punjab,MoSPI UDISE+,ready,0,1.0,0.0
pupil teacher ratio rajasthan,education,metric,ptr,rajasthan,MoSPI UDISE+,ready,0,1.0,0.0
school dropout rate rajasthan,education,metric,dropout-rate,rajasthan,MoSPI UDISE+,ready,0,1.0,0.0
number of teachers in rajasthan,education,metric,teachers,rajasthan,MoSPI UDISE+,ready,0,1.0,0.0
pupil teacher ratio tamil nadu,education,metric,ptr,tamil nadu,MoSPI UDISE+,ready,0,1.0,0.0
school dropout rate tamil nadu,education,metric,dropout-rate,tamil nadu,MoSPI UDISE+,ready,0,1.0,0.0
number of teachers in tamil nadu,education,metric,teachers,tamil nadu,MoSPI UDISE+,ready,0,1.0,0.0
pupil teacher ratio telangana,education,metric,ptr,telangana,MoSPI UDISE+,ready,0,1.0,0.0
school dropout rate telangana,education,metric,dropout-rate,telangana,MoSPI UDISE+,ready,0,1.0,0.0
number of teachers in telangana,education,metric,teachers,telangana,MoSPI UDISE+,ready,0,1.0,0.0
pupil teacher ratio uttar pradesh,education,metric,ptr,uttar pradesh,MoSPI UDISE+,ready,0,1.0,0.0
school dropout rate uttar pradesh,education,metric,dropout-rate,uttar pradesh,MoSPI UDISE+,ready,0,1.0,0.0
number of teachers in uttar pradesh,education,metric,teachers,uttar pradesh,MoSPI UDISE+,ready,0,1.0,0.0
pupil teacher ratio west bengal,education,metric,ptr,west bengal,MoSPI UDISE+,ready,0,1.0,0.0
school dropout rate west bengal,education,metric,dropout-rate,west bengal,MoSPI UDISE+,ready,0,1.0,0.0
pupil teacher ratio delhi,education,metric,ptr,delhi,MoSPI UDISE+,ready,0,1.0,0.0
school dropout rate delhi,education,metric,dropout-rate,delhi,MoSPI UDISE+,ready,0,1.0,0.0
number of teachers in delhi,education,metric,teachers,delhi,MoSPI UDISE+,ready,0,1.0,0.0
school enrolment india,education,national/ranking,,india,MoSPI UDISE+/AISHE/NSS,ready,0,0.8,0.0
pupil teacher ratio india,education,national/ranking,,india,MoSPI UDISE+/AISHE/NSS,ready,0,0.8,0.0
school dropout rate india,education,national/ranking,,india,MoSPI UDISE+/AISHE/NSS,ready,0,0.8,0.0
single teacher schools india,education,national/ranking,,india,MoSPI UDISE+/AISHE/NSS,ready,0,0.8,0.0
schools with internet india,education,national/ranking,,india,MoSPI UDISE+/AISHE/NSS,ready,0,0.8,0.0
solar power capacity andhra pradesh,energy,metric,solar-capacity,andhra pradesh,MoSPI MNRE,ready,0,1.0,0.0
renewable energy capacity andhra pradesh,energy,metric,re-capacity,andhra pradesh,MoSPI MNRE,ready,0,1.0,0.0
solar power capacity assam,energy,metric,solar-capacity,assam,MoSPI MNRE,ready,0,1.0,0.0
renewable energy capacity assam,energy,metric,re-capacity,assam,MoSPI MNRE,ready,0,1.0,0.0
solar power capacity bihar,energy,metric,solar-capacity,bihar,MoSPI MNRE,ready,0,1.0,0.0
renewable energy capacity bihar,energy,metric,re-capacity,bihar,MoSPI MNRE,ready,0,1.0,0.0
solar power capacity chhattisgarh,energy,metric,solar-capacity,chhattisgarh,MoSPI MNRE,ready,0,1.0,0.0
renewable energy capacity chhattisgarh,energy,metric,re-capacity,chhattisgarh,MoSPI MNRE,ready,0,1.0,0.0
solar power capacity gujarat,energy,metric,solar-capacity,gujarat,MoSPI MNRE,ready,0,1.0,0.0
renewable energy capacity gujarat,energy,metric,re-capacity,gujarat,MoSPI MNRE,ready,0,1.0,0.0
solar power capacity haryana,energy,metric,solar-capacity,haryana,MoSPI MNRE,ready,0,1.0,0.0
renewable energy capacity haryana,energy,metric,re-capacity,haryana,MoSPI MNRE,ready,0,1.0,0.0
solar power capacity jharkhand,energy,metric,solar-capacity,jharkhand,MoSPI MNRE,ready,0,1.0,0.0
renewable energy capacity jharkhand,energy,metric,re-capacity,jharkhand,MoSPI MNRE,ready,0,1.0,0.0
solar power capacity karnataka,energy,metric,solar-capacity,karnataka,MoSPI MNRE,ready,0,1.0,0.0
renewable energy capacity karnataka,energy,metric,re-capacity,karnataka,MoSPI MNRE,ready,0,1.0,0.0
solar power capacity kerala,energy,metric,solar-capacity,kerala,MoSPI MNRE,ready,0,1.0,0.0
renewable energy capacity kerala,energy,metric,re-capacity,kerala,MoSPI MNRE,ready,0,1.0,0.0
solar power capacity madhya pradesh,energy,metric,solar-capacity,madhya pradesh,MoSPI MNRE,ready,0,1.0,0.0
renewable energy capacity madhya pradesh,energy,metric,re-capacity,madhya pradesh,MoSPI MNRE,ready,0,1.0,0.0
solar power capacity maharashtra,energy,metric,solar-capacity,maharashtra,MoSPI MNRE,ready,0,1.0,0.0
renewable energy capacity maharashtra,energy,metric,re-capacity,maharashtra,MoSPI MNRE,ready,0,1.0,0.0
solar power capacity odisha,energy,metric,solar-capacity,odisha,MoSPI MNRE,ready,0,1.0,0.0
renewable energy capacity odisha,energy,metric,re-capacity,odisha,MoSPI MNRE,ready,0,1.0,0.0
solar power capacity punjab,energy,metric,solar-capacity,punjab,MoSPI MNRE,ready,0,1.0,0.0
renewable energy capacity punjab,energy,metric,re-capacity,punjab,MoSPI MNRE,ready,0,1.0,0.0
solar power capacity rajasthan,energy,metric,solar-capacity,rajasthan,MoSPI MNRE,ready,0,1.0,0.0
renewable energy capacity rajasthan,energy,metric,re-capacity,rajasthan,MoSPI MNRE,ready,0,1.0,0.0
solar power capacity tamil nadu,energy,metric,solar-capacity,tamil nadu,MoSPI MNRE,ready,0,1.0,0.0
renewable energy capacity tamil nadu,energy,metric,re-capacity,tamil nadu,MoSPI MNRE,ready,0,1.0,0.0
solar power capacity telangana,energy,metric,solar-capacity,telangana,MoSPI MNRE,ready,0,1.0,0.0
renewable energy capacity telangana,energy,metric,re-capacity,telangana,MoSPI MNRE,ready,0,1.0,0.0
solar power capacity uttar pradesh,energy,metric,solar-capacity,uttar pradesh,MoSPI MNRE,ready,0,1.0,0.0
renewable energy capacity uttar pradesh,energy,metric,re-capacity,uttar pradesh,MoSPI MNRE,ready,0,1.0,0.0
solar power capacity west bengal,energy,metric,solar-capacity,west bengal,MoSPI MNRE,ready,0,1.0,0.0
renewable energy capacity west bengal,energy,metric,re-capacity,west bengal,MoSPI MNRE,ready,0,1.0,0.0
solar power capacity delhi,energy,metric,solar-capacity,delhi,MoSPI MNRE,ready,0,1.0,0.0
renewable energy capacity delhi,energy,metric,re-capacity,delhi,MoSPI MNRE,ready,0,1.0,0.0
state wise solar capacity india,energy,national/ranking,,india,MoSPI MNRE,ready,0,0.8,0.0
state wise renewable energy capacity,energy,national/ranking,,india,MoSPI MNRE,ready,0,0.8,0.0
largest solar state in india,energy,national/ranking,,india,MoSPI MNRE,ready,0,0.8,0.0
wind power capacity india,energy,national/ranking,,india,MoSPI MNRE,ready,0,0.8,0.0
state wise wind power capacity,energy,national/ranking,,india,MoSPI MNRE,ready,0,0.8,0.0
rooftop solar capacity india,energy,national/ranking,,india,MoSPI MNRE,ready,0,0.8,0.0
installed renewable capacity india,energy,national/ranking,,india,MoSPI MNRE,ready,0,0.8,0.0
petrol price history kolkata,fuel,trend,petrol-rsp,kolkata,PPAC,ready,0,1.3,0.0
petrol price history chennai,fuel,trend,petrol-rsp,chennai,PPAC,ready,0,1.3,0.0
vat on petrol in arunachal pradesh,fuel,metric,vat-petrol,arunachal pradesh,PPAC,ready,0,1.0,0.0
vat on petrol in manipur,fuel,metric,vat-petrol,manipur,PPAC,ready,0,1.0,0.0
vat on petrol in meghalaya,fuel,metric,vat-petrol,meghalaya,PPAC,ready,0,1.0,0.0
vat on petrol in mizoram,fuel,metric,vat-petrol,mizoram,PPAC,ready,0,1.0,0.0
vat on petrol in nagaland,fuel,metric,vat-petrol,nagaland,PPAC,ready,0,1.0,0.0
vat on petrol in sikkim,fuel,metric,vat-petrol,sikkim,PPAC,ready,0,1.0,0.0
vat on petrol in tripura,fuel,metric,vat-petrol,tripura,PPAC,ready,0,1.0,0.0
vat on petrol in jammu and kashmir,fuel,metric,vat-petrol,jammu and kashmir,PPAC,ready,0,1.0,0.0
vat on petrol in ladakh,fuel,metric,vat-petrol,ladakh,PPAC,ready,0,1.0,0.0
vat on petrol in puducherry,fuel,metric,vat-petrol,puducherry,PPAC,ready,0,1.0,0.0
vat on petrol in andaman and nicobar islands,fuel,metric,vat-petrol,andaman and nicobar islands,PPAC,ready,0,1.0,0.0
vat on petrol in lakshadweep,fuel,metric,vat-petrol,lakshadweep,PPAC,ready,0,1.0,0.0
vat on petrol in dadra and nagar haveli and daman and diu,fuel,metric,vat-petrol,dadra and nagar haveli and daman and diu,PPAC,ready,,1.0,0.0
petrol consumption in andhra pradesh,fuel,metric,ms-consumption,andhra pradesh,PPAC,ready,0,1.0,0.0
number of petrol pumps in andhra pradesh,fuel,metric,retail-outlets,andhra pradesh,PPAC,ready,0,1.0,0.0
lpg connections in andhra pradesh,fuel,metric,lpg-active-customers,andhra pradesh,PPAC,ready,0,1.0,0.0
petrol consumption in assam,fuel,metric,ms-consumption,assam,PPAC,ready,0,1.0,0.0
number of petrol pumps in assam,fuel,metric,retail-outlets,assam,PPAC,ready,0,1.0,0.0
lpg connections in assam,fuel,metric,lpg-active-customers,assam,PPAC,ready,0,1.0,0.0
petrol consumption in bihar,fuel,metric,ms-consumption,bihar,PPAC,ready,0,1.0,0.0
number of petrol pumps in bihar,fuel,metric,retail-outlets,bihar,PPAC,ready,0,1.0,0.0
lpg connections in bihar,fuel,metric,lpg-active-customers,bihar,PPAC,ready,0,1.0,0.0
petrol consumption in chhattisgarh,fuel,metric,ms-consumption,chhattisgarh,PPAC,ready,0,1.0,0.0
number of petrol pumps in chhattisgarh,fuel,metric,retail-outlets,chhattisgarh,PPAC,ready,0,1.0,0.0
lpg connections in chhattisgarh,fuel,metric,lpg-active-customers,chhattisgarh,PPAC,ready,0,1.0,0.0
petrol consumption in gujarat,fuel,metric,ms-consumption,gujarat,PPAC,ready,0,1.0,0.0
number of petrol pumps in gujarat,fuel,metric,retail-outlets,gujarat,PPAC,ready,0,1.0,0.0
lpg connections in gujarat,fuel,metric,lpg-active-customers,gujarat,PPAC,ready,0,1.0,0.0
petrol consumption in haryana,fuel,metric,ms-consumption,haryana,PPAC,ready,0,1.0,0.0
number of petrol pumps in haryana,fuel,metric,retail-outlets,haryana,PPAC,ready,0,1.0,0.0
lpg connections in haryana,fuel,metric,lpg-active-customers,haryana,PPAC,ready,0,1.0,0.0
petrol consumption in jharkhand,fuel,metric,ms-consumption,jharkhand,PPAC,ready,0,1.0,0.0
number of petrol pumps in jharkhand,fuel,metric,retail-outlets,jharkhand,PPAC,ready,0,1.0,0.0
lpg connections in jharkhand,fuel,metric,lpg-active-customers,jharkhand,PPAC,ready,0,1.0,0.0
number of petrol pumps in karnataka,fuel,metric,retail-outlets,karnataka,PPAC,ready,0,1.0,0.0
number of petrol pumps in kerala,fuel,metric,retail-outlets,kerala,PPAC,ready,0,1.0,0.0
lpg connections in kerala,fuel,metric,lpg-active-customers,kerala,PPAC,ready,0,1.0,0.0
petrol consumption in madhya pradesh,fuel,metric,ms-consumption,madhya pradesh,PPAC,ready,0,1.0,0.0
number of petrol pumps in madhya pradesh,fuel,metric,retail-outlets,madhya pradesh,PPAC,ready,0,1.0,0.0
lpg connections in madhya pradesh,fuel,metric,lpg-active-customers,madhya pradesh,PPAC,ready,0,1.0,0.0
number of petrol pumps in maharashtra,fuel,metric,retail-outlets,maharashtra,PPAC,ready,0,1.0,0.0
lpg connections in maharashtra,fuel,metric,lpg-active-customers,maharashtra,PPAC,ready,0,1.0,0.0
petrol consumption in odisha,fuel,metric,ms-consumption,odisha,PPAC,ready,0,1.0,0.0
number of petrol pumps in odisha,fuel,metric,retail-outlets,odisha,PPAC,ready,0,1.0,0.0
lpg connections in odisha,fuel,metric,lpg-active-customers,odisha,PPAC,ready,0,1.0,0.0
petrol consumption in punjab,fuel,metric,ms-consumption,punjab,PPAC,ready,0,1.0,0.0
number of petrol pumps in punjab,fuel,metric,retail-outlets,punjab,PPAC,ready,0,1.0,0.0
lpg connections in punjab,fuel,metric,lpg-active-customers,punjab,PPAC,ready,0,1.0,0.0
petrol consumption in rajasthan,fuel,metric,ms-consumption,rajasthan,PPAC,ready,0,1.0,0.0
number of petrol pumps in rajasthan,fuel,metric,retail-outlets,rajasthan,PPAC,ready,0,1.0,0.0
lpg connections in rajasthan,fuel,metric,lpg-active-customers,rajasthan,PPAC,ready,0,1.0,0.0
petrol consumption in tamil nadu,fuel,metric,ms-consumption,tamil nadu,PPAC,ready,0,1.0,0.0
number of petrol pumps in tamil nadu,fuel,metric,retail-outlets,tamil nadu,PPAC,ready,0,1.0,0.0
lpg connections in tamil nadu,fuel,metric,lpg-active-customers,tamil nadu,PPAC,ready,0,1.0,0.0
petrol consumption in telangana,fuel,metric,ms-consumption,telangana,PPAC,ready,0,1.0,0.0
number of petrol pumps in telangana,fuel,metric,retail-outlets,telangana,PPAC,ready,0,1.0,0.0
lpg connections in telangana,fuel,metric,lpg-active-customers,telangana,PPAC,ready,0,1.0,0.0
petrol consumption in uttar pradesh,fuel,metric,ms-consumption,uttar pradesh,PPAC,ready,0,1.0,0.0
number of petrol pumps in uttar pradesh,fuel,metric,retail-outlets,uttar pradesh,PPAC,ready,0,1.0,0.0
lpg connections in uttar pradesh,fuel,metric,lpg-active-customers,uttar pradesh,PPAC,ready,0,1.0,0.0
petrol consumption in west bengal,fuel,metric,ms-consumption,west bengal,PPAC,ready,0,1.0,0.0
number of petrol pumps in west bengal,fuel,metric,retail-outlets,west bengal,PPAC,ready,0,1.0,0.0
lpg connections in west bengal,fuel,metric,lpg-active-customers,west bengal,PPAC,ready,0,1.0,0.0
lpg connections in delhi,fuel,metric,lpg-active-customers,delhi,PPAC,ready,0,1.0,0.0
state wise vat on diesel,fuel,national/ranking,,india,PPAC,ready,0,0.8,0.0
state wise petrol consumption,fuel,national/ranking,,india,PPAC,ready,0,0.8,0.0
ujjwala yojana connections state wise,fuel,national/ranking,,india,PPAC,ready,0,0.8,0.0
india imports from netherlands,trade,metric,imports-by-country,netherlands,DGCI&S TradeStat,ready,0,1.0,0.0
india exports to hong kong,trade,metric,exports-by-country,hong kong,DGCI&S TradeStat,ready,0,1.0,0.0
india exports to iraq,trade,metric,exports-by-country,iraq,DGCI&S TradeStat,ready,0,1.0,0.0
india imports from iraq,trade,metric,imports-by-country,iraq,DGCI&S TradeStat,ready,0,1.0,0.0
india exports to switzerland,trade,metric,exports-by-country,switzerland,DGCI&S TradeStat,ready,0,1.0,0.0
india exports to belgium,trade,metric,exports-by-country,belgium,DGCI&S TradeStat,ready,0,1.0,0.0
india imports from belgium,trade,metric,imports-by-country,belgium,DGCI&S TradeStat,ready,0,1.0,0.0
india top export destinations,trade,national/ranking,,india,DGCI&S TradeStat / RBI (MoSPI),ready,0,0.8,0.0
sex ratio of dadra and nagar haveli and daman and diu,population,metric,sex-ratio,dadra and nagar haveli and daman and diu,Census 2011 / MoSPI GENDER,licence_check,,1.0,0.0
literacy rate of dadra and nagar haveli and daman and diu,population,metric,literacy-rate,dadra and nagar haveli and daman and diu,Census 2011 / MoSPI NSS,licence_check,,1.0,0.0
anaemia in women andhra pradesh,health,metric,anaemia-women,andhra pradesh,MoSPI NFHS,ready,0,1.0,0.0
child stunting andhra pradesh,health,metric,stunting,andhra pradesh,MoSPI NFHS,ready,0,1.0,0.0
institutional delivery rate andhra pradesh,health,metric,institutional-births,andhra pradesh,MoSPI NFHS,ready,0,1.0,0.0
anaemia in women assam,health,metric,anaemia-women,assam,MoSPI NFHS,ready,0,1.0,0.0
child stunting assam,health,metric,stunting,assam,MoSPI NFHS,ready,0,1.0,0.0
institutional delivery rate assam,health,metric,institutional-births,assam,MoSPI NFHS,ready,0,1.0,0.0
anaemia in women bihar,health,metric,anaemia-women,bihar,MoSPI NFHS,ready,0,1.0,0.0
child stunting bihar,health,metric,stunting,bihar,MoSPI NFHS,ready,0,1.0,0.0
institutional delivery rate bihar,health,metric,institutional-births,bihar,MoSPI NFHS,ready,0,1.0,0.0
anaemia in women chhattisgarh,health,metric,anaemia-women,chhattisgarh,MoSPI NFHS,ready,0,1.0,0.0
child stunting chhattisgarh,health,metric,stunting,chhattisgarh,MoSPI NFHS,ready,0,1.0,0.0
institutional delivery rate chhattisgarh,health,metric,institutional-births,chhattisgarh,MoSPI NFHS,ready,0,1.0,0.0
anaemia in women gujarat,health,metric,anaemia-women,gujarat,MoSPI NFHS,ready,0,1.0,0.0
child stunting gujarat,health,metric,stunting,gujarat,MoSPI NFHS,ready,0,1.0,0.0
institutional delivery rate gujarat,health,metric,institutional-births,gujarat,MoSPI NFHS,ready,0,1.0,0.0
anaemia in women haryana,health,metric,anaemia-women,haryana,MoSPI NFHS,ready,0,1.0,0.0
child stunting haryana,health,metric,stunting,haryana,MoSPI NFHS,ready,0,1.0,0.0
institutional delivery rate haryana,health,metric,institutional-births,haryana,MoSPI NFHS,ready,0,1.0,0.0
anaemia in women jharkhand,health,metric,anaemia-women,jharkhand,MoSPI NFHS,ready,0,1.0,0.0
child stunting jharkhand,health,metric,stunting,jharkhand,MoSPI NFHS,ready,0,1.0,0.0
institutional delivery rate jharkhand,health,metric,institutional-births,jharkhand,MoSPI NFHS,ready,0,1.0,0.0
anaemia in women karnataka,health,metric,anaemia-women,karnataka,MoSPI NFHS,ready,0,1.0,0.0
child stunting karnataka,health,metric,stunting,karnataka,MoSPI NFHS,ready,0,1.0,0.0
institutional delivery rate karnataka,health,metric,institutional-births,karnataka,MoSPI NFHS,ready,0,1.0,0.0
anaemia in women kerala,health,metric,anaemia-women,kerala,MoSPI NFHS,ready,0,1.0,0.0
child stunting kerala,health,metric,stunting,kerala,MoSPI NFHS,ready,0,1.0,0.0
institutional delivery rate kerala,health,metric,institutional-births,kerala,MoSPI NFHS,ready,0,1.0,0.0
anaemia in women madhya pradesh,health,metric,anaemia-women,madhya pradesh,MoSPI NFHS,ready,0,1.0,0.0
child stunting madhya pradesh,health,metric,stunting,madhya pradesh,MoSPI NFHS,ready,0,1.0,0.0
institutional delivery rate madhya pradesh,health,metric,institutional-births,madhya pradesh,MoSPI NFHS,ready,0,1.0,0.0
anaemia in women maharashtra,health,metric,anaemia-women,maharashtra,MoSPI NFHS,ready,0,1.0,0.0
child stunting maharashtra,health,metric,stunting,maharashtra,MoSPI NFHS,ready,0,1.0,0.0
institutional delivery rate maharashtra,health,metric,institutional-births,maharashtra,MoSPI NFHS,ready,0,1.0,0.0
anaemia in women odisha,health,metric,anaemia-women,odisha,MoSPI NFHS,ready,0,1.0,0.0
child stunting odisha,health,metric,stunting,odisha,MoSPI NFHS,ready,0,1.0,0.0
institutional delivery rate odisha,health,metric,institutional-births,odisha,MoSPI NFHS,ready,0,1.0,0.0
anaemia in women punjab,health,metric,anaemia-women,punjab,MoSPI NFHS,ready,0,1.0,0.0
child stunting punjab,health,metric,stunting,punjab,MoSPI NFHS,ready,0,1.0,0.0
institutional delivery rate punjab,health,metric,institutional-births,punjab,MoSPI NFHS,ready,0,1.0,0.0
anaemia in women rajasthan,health,metric,anaemia-women,rajasthan,MoSPI NFHS,ready,0,1.0,0.0
child stunting rajasthan,health,metric,stunting,rajasthan,MoSPI NFHS,ready,0,1.0,0.0
institutional delivery rate rajasthan,health,metric,institutional-births,rajasthan,MoSPI NFHS,ready,0,1.0,0.0
anaemia in women tamil nadu,health,metric,anaemia-women,tamil nadu,MoSPI NFHS,ready,0,1.0,0.0
child stunting tamil nadu,health,metric,stunting,tamil nadu,MoSPI NFHS,ready,0,1.0,0.0
institutional delivery rate tamil nadu,health,metric,institutional-births,tamil nadu,MoSPI NFHS,ready,0,1.0,0.0
anaemia in women telangana,health,metric,anaemia-women,telangana,MoSPI NFHS,ready,0,1.0,0.0
child stunting telangana,health,metric,stunting,telangana,MoSPI NFHS,ready,0,1.0,0.0
institutional delivery rate telangana,health,metric,institutional-births,telangana,MoSPI NFHS,ready,0,1.0,0.0
anaemia in women uttar pradesh,health,metric,anaemia-women,uttar pradesh,MoSPI NFHS,ready,0,1.0,0.0
child stunting uttar pradesh,health,metric,stunting,uttar pradesh,MoSPI NFHS,ready,0,1.0,0.0
institutional delivery rate uttar pradesh,health,metric,institutional-births,uttar pradesh,MoSPI NFHS,ready,0,1.0,0.0
anaemia in women west bengal,health,metric,anaemia-women,west bengal,MoSPI NFHS,ready,0,1.0,0.0
child stunting west bengal,health,metric,stunting,west bengal,MoSPI NFHS,ready,0,1.0,0.0
institutional delivery rate west bengal,health,metric,institutional-births,west bengal,MoSPI NFHS,ready,0,1.0,0.0
anaemia in women delhi,health,metric,anaemia-women,delhi,MoSPI NFHS,ready,0,1.0,0.0
child stunting delhi,health,metric,stunting,delhi,MoSPI NFHS,ready,0,1.0,0.0
institutional delivery rate delhi,health,metric,institutional-births,delhi,MoSPI NFHS,ready,0,1.0,0.0
state wise sex ratio india,population/health,national/ranking,,india,Census 2011 / MoSPI,licence_check,0,0.8,0.0
anaemia in india nfhs 5,population/health,national/ranking,,india,Census 2011 / MoSPI,licence_check,0,0.8,0.0
child stunting india,population/health,national/ranking,,india,Census 2011 / MoSPI,licence_check,0,0.8,0.0
state wise rice production,agriculture,ranking,rice-production,india,UPAg / data.gov.in,licence_check,0,1.5,0.0
state wise wheat production,agriculture,ranking,wheat-production,india,UPAg / data.gov.in,licence_check,0,1.5,0.0
state wise maize production,agriculture,ranking,maize-production,india,UPAg / data.gov.in,licence_check,0,1.5,0.0
state wise sugarcane production,agriculture,ranking,sugarcane-production,india,UPAg / data.gov.in,licence_check,0,1.5,0.0
state wise cotton production,agriculture,ranking,cotton-production,india,UPAg / data.gov.in,licence_check,0,1.5,0.0
state wise pulses production,agriculture,ranking,pulses-production,india,UPAg / data.gov.in,licence_check,0,1.5,0.0
state wise gram production,agriculture,ranking,gram-production,india,UPAg / data.gov.in,licence_check,0,1.5,0.0
state wise tur dal production,agriculture,ranking,tur dal-production,india,UPAg / data.gov.in,licence_check,0,1.5,0.0
state wise groundnut production,agriculture,ranking,groundnut-production,india,UPAg / data.gov.in,licence_check,0,1.5,0.0
state wise soybean production,agriculture,ranking,soybean-production,india,UPAg / data.gov.in,licence_check,0,1.5,0.0
state wise mustard production,agriculture,ranking,mustard-production,india,UPAg / data.gov.in,licence_check,0,1.5,0.0
state wise potato production,agriculture,ranking,potato-production,india,UPAg / data.gov.in,licence_check,0,1.5,0.0
state wise onion production,agriculture,ranking,onion-production,india,UPAg / data.gov.in,licence_check,0,1.5,0.0
state wise tea production,agriculture,ranking,tea-production,india,UPAg / data.gov.in,licence_check,0,1.5,0.0
state wise coffee production,agriculture,ranking,coffee-production,india,UPAg / data.gov.in,licence_check,0,1.5,0.0
state wise jute production,agriculture,ranking,jute-production,india,UPAg / data.gov.in,licence_check,0,1.5,0.0
rice production in delhi,agriculture,metric,rice-production,delhi,UPAg / data.gov.in,licence_check,0,1.0,0.0
wheat production in tamil nadu,agriculture,metric,wheat-production,tamil nadu,UPAg / data.gov.in,licence_check,0,1.0,0.0
wheat production in delhi,agriculture,metric,wheat-production,delhi,UPAg / data.gov.in,licence_check,0,1.0,0.0
sugarcane production in andhra pradesh,agriculture,metric,sugarcane-production,andhra pradesh,UPAg / data.gov.in,licence_check,0,1.0,0.0
sugarcane production in gujarat,agriculture,metric,sugarcane-production,gujarat,UPAg / data.gov.in,licence_check,0,1.0,0.0
sugarcane production in haryana,agriculture,metric,sugarcane-production,haryana,UPAg / data.gov.in,licence_check,0,1.0,0.0
sugarcane production in jharkhand,agriculture,metric,sugarcane-production,jharkhand,UPAg / data.gov.in,licence_check,0,1.0,0.0
sugarcane production in madhya pradesh,agriculture,metric,sugarcane-production,madhya pradesh,UPAg / data.gov.in,licence_check,0,1.0,0.0
sugarcane production in odisha,agriculture,metric,sugarcane-production,odisha,UPAg / data.gov.in,licence_check,0,1.0,0.0
sugarcane production in punjab,agriculture,metric,sugarcane-production,punjab,UPAg / data.gov.in,licence_check,0,1.0,0.0
sugarcane production in rajasthan,agriculture,metric,sugarcane-production,rajasthan,UPAg / data.gov.in,licence_check,0,1.0,0.0
sugarcane production in tamil nadu,agriculture,metric,sugarcane-production,tamil nadu,UPAg / data.gov.in,licence_check,0,1.0,0.0
sugarcane production in uttar pradesh,agriculture,metric,sugarcane-production,uttar pradesh,UPAg / data.gov.in,licence_check,0,1.0,0.0
sugarcane production in west bengal,agriculture,metric,sugarcane-production,west bengal,UPAg / data.gov.in,licence_check,0,1.0,0.0
sugarcane production in delhi,agriculture,metric,sugarcane-production,delhi,UPAg / data.gov.in,licence_check,0,1.0,0.0
cotton production in tamil nadu,agriculture,metric,cotton-production,tamil nadu,UPAg / data.gov.in,licence_check,0,1.0,0.0
cotton production in delhi,agriculture,metric,cotton-production,delhi,UPAg / data.gov.in,licence_check,0,1.0,0.0
onion price today in bengaluru,food-prices,metric,onion-retail-price,bengaluru,DoCA PMC / Agmarknet,licence_check,0,0.4,0.0
onion price today in bhopal,food-prices,metric,onion-retail-price,bhopal,DoCA PMC / Agmarknet,licence_check,0,0.4,0.0
tomato price today in bengaluru,food-prices,metric,tomato-retail-price,bengaluru,DoCA PMC / Agmarknet,licence_check,0,0.4,0.0
tomato price today in ahmedabad,food-prices,metric,tomato-retail-price,ahmedabad,DoCA PMC / Agmarknet,licence_check,0,0.4,0.0
tomato price today in pune,food-prices,metric,tomato-retail-price,pune,DoCA PMC / Agmarknet,licence_check,0,0.4,0.0
tomato price today in patna,food-prices,metric,tomato-retail-price,patna,DoCA PMC / Agmarknet,licence_check,0,0.4,0.0
tomato price today in bhopal,food-prices,metric,tomato-retail-price,bhopal,DoCA PMC / Agmarknet,licence_check,0,0.4,0.0
tomato price today in guwahati,food-prices,metric,tomato-retail-price,guwahati,DoCA PMC / Agmarknet,licence_check,0,0.4,0.0
potato price today in chennai,food-prices,metric,potato-retail-price,chennai,DoCA PMC / Agmarknet,licence_check,0,0.4,0.0
potato price today in bengaluru,food-prices,metric,potato-retail-price,bengaluru,DoCA PMC / Agmarknet,licence_check,0,0.4,0.0
potato price today in hyderabad,food-prices,metric,potato-retail-price,hyderabad,DoCA PMC / Agmarknet,licence_check,0,0.4,0.0
potato price today in ahmedabad,food-prices,metric,potato-retail-price,ahmedabad,DoCA PMC / Agmarknet,licence_check,0,0.4,0.0
potato price today in pune,food-prices,metric,potato-retail-price,pune,DoCA PMC / Agmarknet,licence_check,0,0.4,0.0
potato price today in lucknow,food-prices,metric,potato-retail-price,lucknow,DoCA PMC / Agmarknet,licence_check,0,0.4,0.0
potato price today in jaipur,food-prices,metric,potato-retail-price,jaipur,DoCA PMC / Agmarknet,licence_check,0,0.4,0.0
potato price today in patna,food-prices,metric,potato-retail-price,patna,DoCA PMC / Agmarknet,licence_check,0,0.4,0.0
potato price today in bhopal,food-prices,metric,potato-retail-price,bhopal,DoCA PMC / Agmarknet,licence_check,0,0.4,0.0
potato price today in chandigarh,food-prices,metric,potato-retail-price,chandigarh,DoCA PMC / Agmarknet,licence_check,0,0.4,0.0
potato price today in bhubaneswar,food-prices,metric,potato-retail-price,bhubaneswar,DoCA PMC / Agmarknet,licence_check,0,0.4,0.0
potato price today in guwahati,food-prices,metric,potato-retail-price,guwahati,DoCA PMC / Agmarknet,licence_check,0,0.4,0.0
rice price today in delhi,food-prices,metric,rice-retail-price,delhi,DoCA PMC / Agmarknet,licence_check,0,0.4,0.0
rice price today in mumbai,food-prices,metric,rice-retail-price,mumbai,DoCA PMC / Agmarknet,licence_check,0,0.4,0.0
rice price today in kolkata,food-prices,metric,rice-retail-price,kolkata,DoCA PMC / Agmarknet,licence_check,0,0.4,0.0
rice price today in chennai,food-prices,metric,rice-retail-price,chennai,DoCA PMC / Agmarknet,licence_check,0,0.4,0.0
rice price today in bengaluru,food-prices,metric,rice-retail-price,bengaluru,DoCA PMC / Agmarknet,licence_check,0,0.4,0.0
rice price today in hyderabad,food-prices,metric,rice-retail-price,hyderabad,DoCA PMC / Agmarknet,licence_check,0,0.4,0.0
rice price today in ahmedabad,food-prices,metric,rice-retail-price,ahmedabad,DoCA PMC / Agmarknet,licence_check,0,0.4,0.0
rice price today in pune,food-prices,metric,rice-retail-price,pune,DoCA PMC / Agmarknet,licence_check,0,0.4,0.0
rice price today in lucknow,food-prices,metric,rice-retail-price,lucknow,DoCA PMC / Agmarknet,licence_check,0,0.4,0.0
rice price today in jaipur,food-prices,metric,rice-retail-price,jaipur,DoCA PMC / Agmarknet,licence_check,0,0.4,0.0
rice price today in patna,food-prices,metric,rice-retail-price,patna,DoCA PMC / Agmarknet,licence_check,0,0.4,0.0
rice price today in bhopal,food-prices,metric,rice-retail-price,bhopal,DoCA PMC / Agmarknet,licence_check,0,0.4,0.0
rice price today in chandigarh,food-prices,metric,rice-retail-price,chandigarh,DoCA PMC / Agmarknet,licence_check,0,0.4,0.0
rice price today in bhubaneswar,food-prices,metric,rice-retail-price,bhubaneswar,DoCA PMC / Agmarknet,licence_check,0,0.4,0.0
rice price today in guwahati,food-prices,metric,rice-retail-price,guwahati,DoCA PMC / Agmarknet,licence_check,0,0.4,0.0
wheat price today in mumbai,food-prices,metric,wheat-retail-price,mumbai,DoCA PMC / Agmarknet,licence_check,0,0.4,0.0
wheat price today in kolkata,food-prices,metric,wheat-retail-price,kolkata,DoCA PMC / Agmarknet,licence_check,0,0.4,0.0
wheat price today in chennai,food-prices,metric,wheat-retail-price,chennai,DoCA PMC / Agmarknet,licence_check,0,0.4,0.0
wheat price today in bengaluru,food-prices,metric,wheat-retail-price,bengaluru,DoCA PMC / Agmarknet,licence_check,0,0.4,0.0
wheat price today in hyderabad,food-prices,metric,wheat-retail-price,hyderabad,DoCA PMC / Agmarknet,licence_check,0,0.4,0.0
wheat price today in ahmedabad,food-prices,metric,wheat-retail-price,ahmedabad,DoCA PMC / Agmarknet,licence_check,0,0.4,0.0
wheat price today in pune,food-prices,metric,wheat-retail-price,pune,DoCA PMC / Agmarknet,licence_check,0,0.4,0.0
wheat price today in lucknow,food-prices,metric,wheat-retail-price,lucknow,DoCA PMC / Agmarknet,licence_check,0,0.4,0.0
wheat price today in patna,food-prices,metric,wheat-retail-price,patna,DoCA PMC / Agmarknet,licence_check,0,0.4,0.0
wheat price today in bhopal,food-prices,metric,wheat-retail-price,bhopal,DoCA PMC / Agmarknet,licence_check,0,0.4,0.0
wheat price today in chandigarh,food-prices,metric,wheat-retail-price,chandigarh,DoCA PMC / Agmarknet,licence_check,0,0.4,0.0
wheat price today in bhubaneswar,food-prices,metric,wheat-retail-price,bhubaneswar,DoCA PMC / Agmarknet,licence_check,0,0.4,0.0
wheat price today in guwahati,food-prices,metric,wheat-retail-price,guwahati,DoCA PMC / Agmarknet,licence_check,0,0.4,0.0
atta price today in delhi,food-prices,metric,atta-retail-price,delhi,DoCA PMC / Agmarknet,licence_check,0,0.4,0.0
atta price today in mumbai,food-prices,metric,atta-retail-price,mumbai,DoCA PMC / Agmarknet,licence_check,0,0.4,0.0
atta price today in kolkata,food-prices,metric,atta-retail-price,kolkata,DoCA PMC / Agmarknet,licence_check,0,0.4,0.0
atta price today in chennai,food-prices,metric,atta-retail-price,chennai,DoCA PMC / Agmarknet,licence_check,0,0.4,0.0
atta price today in bengaluru,food-prices,metric,atta-retail-price,bengaluru,DoCA PMC / Agmarknet,licence_check,0,0.4,0.0
atta price today in hyderabad,food-prices,metric,atta-retail-price,hyderabad,DoCA PMC / Agmarknet,licence_check,0,0.4,0.0
atta price today in ahmedabad,food-prices,metric,atta-retail-price,ahmedabad,DoCA PMC / Agmarknet,licence_check,0,0.4,0.0
atta price today in pune,food-prices,metric,atta-retail-price,pune,DoCA PMC / Agmarknet,licence_check,0,0.4,0.0
atta price today in lucknow,food-prices,metric,atta-retail-price,lucknow,DoCA PMC / Agmarknet,licence_check,0,0.4,0.0
atta price today in jaipur,food-prices,metric,atta-retail-price,jaipur,DoCA PMC / Agmarknet,licence_check,0,0.4,0.0
atta price today in patna,food-prices,metric,atta-retail-price,patna,DoCA PMC / Agmarknet,licence_check,0,0.4,0.0
atta price today in bhopal,food-prices,metric,atta-retail-price,bhopal,DoCA PMC / Agmarknet,licence_check,0,0.4,0.0
atta price today in chandigarh,food-prices,metric,atta-retail-price,chandigarh,DoCA PMC / Agmarknet,licence_check,0,0.4,0.0
atta price today in bhubaneswar,food-prices,metric,atta-retail-price,bhubaneswar,DoCA PMC / Agmarknet,licence_check,0,0.4,0.0
atta price today in guwahati,food-prices,metric,atta-retail-price,guwahati,DoCA PMC / Agmarknet,licence_check,0,0.4,0.0
tur dal price today in delhi,food-prices,metric,tur dal-retail-price,delhi,DoCA PMC / Agmarknet,licence_check,0,0.4,0.0
tur dal price today in mumbai,food-prices,metric,tur dal-retail-price,mumbai,DoCA PMC / Agmarknet,licence_check,0,0.4,0.0
tur dal price today in kolkata,food-prices,metric,tur dal-retail-price,kolkata,DoCA PMC / Agmarknet,licence_check,0,0.4,0.0
tur dal price today in chennai,food-prices,metric,tur dal-retail-price,chennai,DoCA PMC / Agmarknet,licence_check,0,0.4,0.0
tur dal price today in bengaluru,food-prices,metric,tur dal-retail-price,bengaluru,DoCA PMC / Agmarknet,licence_check,0,0.4,0.0
tur dal price today in hyderabad,food-prices,metric,tur dal-retail-price,hyderabad,DoCA PMC / Agmarknet,licence_check,0,0.4,0.0
tur dal price today in ahmedabad,food-prices,metric,tur dal-retail-price,ahmedabad,DoCA PMC / Agmarknet,licence_check,0,0.4,0.0
tur dal price today in pune,food-prices,metric,tur dal-retail-price,pune,DoCA PMC / Agmarknet,licence_check,0,0.4,0.0
tur dal price today in lucknow,food-prices,metric,tur dal-retail-price,lucknow,DoCA PMC / Agmarknet,licence_check,0,0.4,0.0
tur dal price today in jaipur,food-prices,metric,tur dal-retail-price,jaipur,DoCA PMC / Agmarknet,licence_check,0,0.4,0.0
tur dal price today in patna,food-prices,metric,tur dal-retail-price,patna,DoCA PMC / Agmarknet,licence_check,0,0.4,0.0
tur dal price today in bhopal,food-prices,metric,tur dal-retail-price,bhopal,DoCA PMC / Agmarknet,licence_check,0,0.4,0.0
tur dal price today in chandigarh,food-prices,metric,tur dal-retail-price,chandigarh,DoCA PMC / Agmarknet,licence_check,0,0.4,0.0
tur dal price today in bhubaneswar,food-prices,metric,tur dal-retail-price,bhubaneswar,DoCA PMC / Agmarknet,licence_check,0,0.4,0.0
tur dal price today in guwahati,food-prices,metric,tur dal-retail-price,guwahati,DoCA PMC / Agmarknet,licence_check,0,0.4,0.0
milk price today in mumbai,food-prices,metric,milk-retail-price,mumbai,DoCA PMC / Agmarknet,licence_check,0,0.4,0.0
milk price today in kolkata,food-prices,metric,milk-retail-price,kolkata,DoCA PMC / Agmarknet,licence_check,0,0.4,0.0
milk price today in chennai,food-prices,metric,milk-retail-price,chennai,DoCA PMC / Agmarknet,licence_check,0,0.4,0.0
milk price today in bengaluru,food-prices,metric,milk-retail-price,bengaluru,DoCA PMC / Agmarknet,licence_check,0,0.4,0.0
milk price today in hyderabad,food-prices,metric,milk-retail-price,hyderabad,DoCA PMC / Agmarknet,licence_check,0,0.4,0.0
milk price today in ahmedabad,food-prices,metric,milk-retail-price,ahmedabad,DoCA PMC / Agmarknet,licence_check,0,0.4,0.0
milk price today in pune,food-prices,metric,milk-retail-price,pune,DoCA PMC / Agmarknet,licence_check,0,0.4,0.0
milk price today in lucknow,food-prices,metric,milk-retail-price,lucknow,DoCA PMC / Agmarknet,licence_check,0,0.4,0.0
milk price today in jaipur,food-prices,metric,milk-retail-price,jaipur,DoCA PMC / Agmarknet,licence_check,0,0.4,0.0
milk price today in patna,food-prices,metric,milk-retail-price,patna,DoCA PMC / Agmarknet,licence_check,0,0.4,0.0
milk price today in bhopal,food-prices,metric,milk-retail-price,bhopal,DoCA PMC / Agmarknet,licence_check,0,0.4,0.0
milk price today in chandigarh,food-prices,metric,milk-retail-price,chandigarh,DoCA PMC / Agmarknet,licence_check,0,0.4,0.0
milk price today in bhubaneswar,food-prices,metric,milk-retail-price,bhubaneswar,DoCA PMC / Agmarknet,licence_check,0,0.4,0.0
milk price today in guwahati,food-prices,metric,milk-retail-price,guwahati,DoCA PMC / Agmarknet,licence_check,0,0.4,0.0
sugar price today in bengaluru,food-prices,metric,sugar-retail-price,bengaluru,DoCA PMC / Agmarknet,licence_check,0,0.4,0.0
sugar price today in jaipur,food-prices,metric,sugar-retail-price,jaipur,DoCA PMC / Agmarknet,licence_check,0,0.4,0.0
sugar price today in bhubaneswar,food-prices,metric,sugar-retail-price,bhubaneswar,DoCA PMC / Agmarknet,licence_check,0,0.4,0.0
sugar price today in guwahati,food-prices,metric,sugar-retail-price,guwahati,DoCA PMC / Agmarknet,licence_check,0,0.4,0.0
mustard oil price today in mumbai,food-prices,metric,mustard oil-retail-price,mumbai,DoCA PMC / Agmarknet,licence_check,0,0.4,0.0
mustard oil price today in chennai,food-prices,metric,mustard oil-retail-price,chennai,DoCA PMC / Agmarknet,licence_check,0,0.4,0.0
mustard oil price today in bengaluru,food-prices,metric,mustard oil-retail-price,bengaluru,DoCA PMC / Agmarknet,licence_check,0,0.4,0.0
mustard oil price today in hyderabad,food-prices,metric,mustard oil-retail-price,hyderabad,DoCA PMC / Agmarknet,licence_check,0,0.4,0.0
mustard oil price today in ahmedabad,food-prices,metric,mustard oil-retail-price,ahmedabad,DoCA PMC / Agmarknet,licence_check,0,0.4,0.0
mustard oil price today in pune,food-prices,metric,mustard oil-retail-price,pune,DoCA PMC / Agmarknet,licence_check,0,0.4,0.0
mustard oil price today in lucknow,food-prices,metric,mustard oil-retail-price,lucknow,DoCA PMC / Agmarknet,licence_check,0,0.4,0.0
mustard oil price today in jaipur,food-prices,metric,mustard oil-retail-price,jaipur,DoCA PMC / Agmarknet,licence_check,0,0.4,0.0
mustard oil price today in bhopal,food-prices,metric,mustard oil-retail-price,bhopal,DoCA PMC / Agmarknet,licence_check,0,0.4,0.0
mustard oil price today in chandigarh,food-prices,metric,mustard oil-retail-price,chandigarh,DoCA PMC / Agmarknet,licence_check,0,0.4,0.0
mustard oil price today in bhubaneswar,food-prices,metric,mustard oil-retail-price,bhubaneswar,DoCA PMC / Agmarknet,licence_check,0,0.4,0.0
mustard oil price today in guwahati,food-prices,metric,mustard oil-retail-price,guwahati,DoCA PMC / Agmarknet,licence_check,0,0.4,0.0
number of vehicles in andhra pradesh,vehicles,metric,registered-vehicles,andhra pradesh,Vahan / data.gov.in,licence_check,0,1.0,0.0
per capita electricity consumption andhra pradesh,energy,metric,per-capita-power,andhra pradesh,CEA / data.gov.in,licence_check,0,1.0,0.0
number of vehicles in assam,vehicles,metric,registered-vehicles,assam,Vahan / data.gov.in,licence_check,0,1.0,0.0
electric vehicles in assam,vehicles,metric,ev-registrations,assam,Vahan,licence_check,0,1.0,0.0
per capita electricity consumption assam,energy,metric,per-capita-power,assam,CEA / data.gov.in,licence_check,0,1.0,0.0
gst collection assam,tax,metric,gst-collection,assam,data.gov.in (GODL),ready,0,1.0,0.0
road accidents in bihar,road-safety,metric,road-accidents,bihar,MoRTH,licence_check,0,1.0,0.0
number of vehicles in bihar,vehicles,metric,registered-vehicles,bihar,Vahan / data.gov.in,licence_check,0,1.0,0.0
per capita electricity consumption bihar,energy,metric,per-capita-power,bihar,CEA / data.gov.in,licence_check,0,1.0,0.0
road accidents in chhattisgarh,road-safety,metric,road-accidents,chhattisgarh,MoRTH,licence_check,0,1.0,0.0
number of vehicles in chhattisgarh,vehicles,metric,registered-vehicles,chhattisgarh,Vahan / data.gov.in,licence_check,0,1.0,0.0
electric vehicles in chhattisgarh,vehicles,metric,ev-registrations,chhattisgarh,Vahan,licence_check,0,1.0,0.0
per capita electricity consumption chhattisgarh,energy,metric,per-capita-power,chhattisgarh,CEA / data.gov.in,licence_check,0,1.0,0.0
gst collection chhattisgarh,tax,metric,gst-collection,chhattisgarh,data.gov.in (GODL),ready,0,1.0,0.0
number of vehicles in gujarat,vehicles,metric,registered-vehicles,gujarat,Vahan / data.gov.in,licence_check,0,1.0,0.0
per capita electricity consumption gujarat,energy,metric,per-capita-power,gujarat,CEA / data.gov.in,licence_check,0,1.0,0.0
gst collection gujarat,tax,metric,gst-collection,gujarat,data.gov.in (GODL),ready,0,1.0,0.0
road accidents in haryana,road-safety,metric,road-accidents,haryana,MoRTH,licence_check,0,1.0,0.0
number of vehicles in haryana,vehicles,metric,registered-vehicles,haryana,Vahan / data.gov.in,licence_check,0,1.0,0.0
electric vehicles in haryana,vehicles,metric,ev-registrations,haryana,Vahan,licence_check,0,1.0,0.0
per capita electricity consumption haryana,energy,metric,per-capita-power,haryana,CEA / data.gov.in,licence_check,0,1.0,0.0
road accidents in jharkhand,road-safety,metric,road-accidents,jharkhand,MoRTH,licence_check,0,1.0,0.0
number of vehicles in jharkhand,vehicles,metric,registered-vehicles,jharkhand,Vahan / data.gov.in,licence_check,0,1.0,0.0
electric vehicles in jharkhand,vehicles,metric,ev-registrations,jharkhand,Vahan,licence_check,0,1.0,0.0
per capita electricity consumption jharkhand,energy,metric,per-capita-power,jharkhand,CEA / data.gov.in,licence_check,0,1.0,0.0
gst collection jharkhand,tax,metric,gst-collection,jharkhand,data.gov.in (GODL),ready,0,1.0,0.0
number of vehicles in karnataka,vehicles,metric,registered-vehicles,karnataka,Vahan / data.gov.in,licence_check,0,1.0,0.0
per capita electricity consumption karnataka,energy,metric,per-capita-power,karnataka,CEA / data.gov.in,licence_check,0,1.0,0.0
per capita electricity consumption kerala,energy,metric,per-capita-power,kerala,CEA / data.gov.in,licence_check,0,1.0,0.0
gst collection kerala,tax,metric,gst-collection,kerala,data.gov.in (GODL),ready,0,1.0,0.0
road accidents in madhya pradesh,road-safety,metric,road-accidents,madhya pradesh,MoRTH,licence_check,0,1.0,0.0
number of vehicles in madhya pradesh,vehicles,metric,registered-vehicles,madhya pradesh,Vahan / data.gov.in,licence_check,0,1.0,0.0
per capita electricity consumption madhya pradesh,energy,metric,per-capita-power,madhya pradesh,CEA / data.gov.in,licence_check,0,1.0,0.0
gst collection madhya pradesh,tax,metric,gst-collection,madhya pradesh,data.gov.in (GODL),ready,0,1.0,0.0
per capita electricity consumption maharashtra,energy,metric,per-capita-power,maharashtra,CEA / data.gov.in,licence_check,0,1.0,0.0
number of vehicles in odisha,vehicles,metric,registered-vehicles,odisha,Vahan / data.gov.in,licence_check,0,1.0,0.0
per capita electricity consumption odisha,energy,metric,per-capita-power,odisha,CEA / data.gov.in,licence_check,0,1.0,0.0
number of vehicles in punjab,vehicles,metric,registered-vehicles,punjab,Vahan / data.gov.in,licence_check,0,1.0,0.0
per capita electricity consumption punjab,energy,metric,per-capita-power,punjab,CEA / data.gov.in,licence_check,0,1.0,0.0
number of vehicles in rajasthan,vehicles,metric,registered-vehicles,rajasthan,Vahan / data.gov.in,licence_check,0,1.0,0.0
electric vehicles in rajasthan,vehicles,metric,ev-registrations,rajasthan,Vahan,licence_check,0,1.0,0.0
per capita electricity consumption rajasthan,energy,metric,per-capita-power,rajasthan,CEA / data.gov.in,licence_check,0,1.0,0.0
gst collection rajasthan,tax,metric,gst-collection,rajasthan,data.gov.in (GODL),ready,0,1.0,0.0
per capita electricity consumption tamil nadu,energy,metric,per-capita-power,tamil nadu,CEA / data.gov.in,licence_check,0,1.0,0.0
number of vehicles in telangana,vehicles,metric,registered-vehicles,telangana,Vahan / data.gov.in,licence_check,0,1.0,0.0
per capita electricity consumption telangana,energy,metric,per-capita-power,telangana,CEA / data.gov.in,licence_check,0,1.0,0.0
gst collection telangana,tax,metric,gst-collection,telangana,data.gov.in (GODL),ready,0,1.0,0.0
road accidents in uttar pradesh,road-safety,metric,road-accidents,uttar pradesh,MoRTH,licence_check,0,1.0,0.0
number of vehicles in uttar pradesh,vehicles,metric,registered-vehicles,uttar pradesh,Vahan / data.gov.in,licence_check,0,1.0,0.0
electric vehicles in uttar pradesh,vehicles,metric,ev-registrations,uttar pradesh,Vahan,licence_check,0,1.0,0.0
per capita electricity consumption uttar pradesh,energy,metric,per-capita-power,uttar pradesh,CEA / data.gov.in,licence_check,0,1.0,0.0
number of vehicles in west bengal,vehicles,metric,registered-vehicles,west bengal,Vahan / data.gov.in,licence_check,0,1.0,0.0
per capita electricity consumption west bengal,energy,metric,per-capita-power,west bengal,CEA / data.gov.in,licence_check,0,1.0,0.0
per capita electricity consumption delhi,energy,metric,per-capita-power,delhi,CEA / data.gov.in,licence_check,0,1.0,0.0
gst collection delhi,tax,metric,gst-collection,delhi,data.gov.in (GODL),ready,0,1.0,0.0
state wise road accidents india,misc,national/ranking,,india,various,licence_check,0,0.8,0.0
ev sales state wise india,misc,national/ranking,,india,various,licence_check,0,0.8,0.0
state wise per capita electricity consumption,misc,national/ranking,,india,various,licence_check,0,0.8,0.0
monthly consumption expenditure india,misc,national/ranking,,india,various,ready,0,0.8,0.0
mpce state wise,misc,national/ranking,,india,various,ready,0,0.8,0.0
