dataset,indicator_code,indicator_name,query_params,state_options,first_year,last_year,n_periods,breakdowns
AISHE,1,Number of Universities,"{""indicator_code"": 1}",34,2017,2021,5,
AISHE,2,Number of Colleges,"{""indicator_code"": 2}",37,2017,2021,5,
AISHE,3,Estimated Student Enrolment,"{""indicator_code"": 3}",37,2017,2021,5,education_level(9); gender(3)
AISHE,4,Social Group-wise Enrolment,"{""indicator_code"": 4}",37,2017,2021,5,gender(3); social_category(4)
AISHE,5,PWD & Minority Community-wise Enrolment,"{""indicator_code"": 5}",37,2017,2021,5,gender(3); social_group(4)
AISHE,6,Social Group wise Gross Enrolment Ratio (GER),"{""indicator_code"": 6}",37,2017,2021,5,gender(3); social_category(3)
AISHE,7,Social Group wise Gender Parity Index (GPI),"{""indicator_code"": 7}",37,2017,2021,5,social_category(3)
AISHE,8,Mode of Education wise Pupil Teacher Ratio (PTR),"{""indicator_code"": 8}",37,2017,2021,5,institution_type(3); learning_mode(2)
AISHE,9,Number of Teachers,"{""indicator_code"": 9}",37,2017,2021,5,faculty_type(7); gender(3)
ASI,,,"{""classification_year"": ""2008""}",39,2008,2023,16,indicator(57); nic_2_digit(31); nic_3_digit(79); nic_4_digit(151); nic_type(3)
ASUSE,1,Estimated Number of Establishments Pursuing Mixed Activities,"{""frequency_code"": 1, ""indicator_code"": 1}",0,2021,2025,4,activity_category(50); establishment_type(3); establishments(2); sector(3)
ASUSE,10,Per 1000 Distribution of Establishments by Type of Location,"{""frequency_code"": 1, ""indicator_code"": 10}",0,2021,2025,4,activity_category(50); establishment_type(3); location_of_establishment(7); sector(3)
ASUSE,11,State/UT-wise Per 1000 Distribution of Establishments by Type of Location,"{""frequency_code"": 1, ""indicator_code"": 11}",39,2021,2025,4,broad_activity_category(4); establishment_type(3); location_of_establishment(7); sector(3)
ASUSE,12,Per 1000 Distribution of Establishments by Nature of Operation,"{""frequency_code"": 1, ""indicator_code"": 12}",0,2021,2025,4,activity_category(50); establishment_type(3); nature_of_operation(4); sector(3)
ASUSE,13,State/UT-wise Per 1000 Distribution of Establishments by Nature of Operation,"{""frequency_code"": 1, ""indicator_code"": 13}",39,2021,2025,4,broad_activity_category(4); establishment_type(3); nature_of_operation(4); sector(3)
ASUSE,14,Per 1000 Distribution of Establishments by Number of Months Operated During Last 365 Days,"{""frequency_code"": 1, ""indicator_code"": 14}",0,2021,2025,4,activity_category(50); establishment_type(3); no_of_months_operated(6); sector(3)
ASUSE,15,State/UT-wise Per 1000 Distribution of Establishments by Number of Months Operated During Last 365 Days,"{""frequency_code"": 1, ""indicator_code"": 15}",39,2021,2025,4,broad_activity_category(4); establishment_type(3); no_of_months_operated(6); sector(3)
ASUSE,16,Per 1000 Distribution of Establishments by Number of Hours Normally Worked in a Day,"{""frequency_code"": 1, ""indicator_code"": 16}",0,2021,2023,3,activity_category(50); establishment_type(3); no_of_working_hours(5); sector(3)
ASUSE,17,State/UT-wise Per 1000 Distribution of Establishments by Number of Hours Normally Worked in a Day,"{""frequency_code"": 1, ""indicator_code"": 17}",39,2021,2023,3,broad_activity_category(4); establishment_type(3); no_of_working_hours(5); sector(3)
ASUSE,18,Per 1000 distribution of establishments maintaining audited accounts,"{""frequency_code"": 1, ""indicator_code"": 18}",37,,,,audit_status_(3); broad_activity_category(4); establishment_type(3); sector(3)
ASUSE,19,Number of Per 1000 of Establishments which are NPIs (by type of major receipts) and non-NPIs,"{""frequency_code"": 1, ""indicator_code"": 19}",39,2021,2025,4,NPI_status(4); broad_activity_category(4); establishment_type(3); sector(3)
ASUSE,2,State/UT-wise Estimated Number of Establishments Pursuing Mixed Activities,"{""frequency_code"": 1, ""indicator_code"": 2}",39,2021,2025,4,broad_activity_category(4); establishment_type(3); establishments(2); sector(3)
ASUSE,20,Number Per 1000 of Establishments Using Computers and Using Internet During Last 365 Days,"{""frequency_code"": 1, ""indicator_code"": 20}",0,2021,2025,4,broad_activity_category(4); establishment_type(3); sector(3); sub_indicator(2)
ASUSE,21,State/UT-wise Number Per 1000 of Establishments Using Computers and Using Internet During Last 365 Days,"{""frequency_code"": 1, ""indicator_code"": 21}",39,2021,2025,4,broad_activity_category(4); establishment_type(3); sector(3); sub_indicator(2)
ASUSE,22,Number Per 1000 of Establishments Registered Under Different Acts-Authorities,"{""frequency_code"": 1, ""indicator_code"": 22}",0,2021,2025,4,Acts/Agency_of_registration(11); activity_category(50); establishment_type(3); sector(3); sub_indicator(2)
ASUSE,23,State/UT-wise Number Per 1000 of Establishments Registered Under Different Acts-Authorities,"{""frequency_code"": 1, ""indicator_code"": 23}",39,2021,2025,4,Acts/Agency_of_registration(11); broad_activity_category(4); establishment_type(3); sector(3); sub_indicator(2)
ASUSE,24,Per 1000 distribution of Establishments providing manufacturing/other services on contract,"{""frequency_code"": 1, ""indicator_code"": 24}",37,,,,establishment_type(3); sector(3); services_contract(5)
ASUSE,25,State/UT-wise Estimated Number of Establishments Serving as Franchisee Outlet,"{""frequency_code"": 1, ""indicator_code"": 25}",39,2021,2023,3,
ASUSE,26,Estimated Number of Workers by Nature of Employment and Gender,"{""frequency_code"": 1, ""indicator_code"": 26}",0,2021,2025,4,activity_category(50); establishment_type(3); gender(3); sector(3); working_time(3)
ASUSE,27,State/UT-wise Estimated Number of Workers by Nature of Employment and Gender,"{""frequency_code"": 1, ""indicator_code"": 27}",39,2021,2025,4,broad_activity_category(4); establishment_type(3); gender(3); sector(3); working_time(3)
ASUSE,28,Estimated Number of Workers by Type of Workers,"{""frequency_code"": 1, ""indicator_code"": 28}",0,2021,2025,4,activity_category(50); establishment_type(3); gender(3); sector(3); type_of_worker(6)
ASUSE,29,State/UT-wise Estimated Number of Workers by Type of Workers,"{""frequency_code"": 1, ""indicator_code"": 29}",39,2021,2025,4,broad_activity_category(4); establishment_type(3); gender(3); sector(3); type_of_worker(6)
ASUSE,3,Per 1000 Distribution of Establishments by Type of Ownership,"{""frequency_code"": 1, ""indicator_code"": 3}",0,2021,2025,4,activity_category(50); establishment_type(3); ownership_type(10); sector(3)
ASUSE,30,Estimated Annual Emoluments (Rs.) Per Hired Worker,"{""frequency_code"": 1, ""indicator_code"": 30}",0,2021,2025,4,activity_category(50); establishment_type(3); hired_worker(3); sector(3); sub_indicator(2)
ASUSE,31,State/UT-wise Estimated Annual Emoluments (Rs.) Per Hired Worker,"{""frequency_code"": 1, ""indicator_code"": 31}",39,2021,2025,4,broad_activity_category(4); establishment_type(3); hired_worker(3); sector(3); sub_indicator(2)
ASUSE,32,Estimated Annual Gross Value Added (GVA) Per Worker (Rs.),"{""frequency_code"": 1, ""indicator_code"": 32}",0,2021,2025,4,activity_category(50); establishment_type(3); sector(3)
ASUSE,33,State/UT-wise Estimated Annual Gross Value Added (GVA) Per Worker (Rs.),"{""frequency_code"": 1, ""indicator_code"": 33}",39,2021,2025,4,broad_activity_category(4); establishment_type(3); sector(3)
ASUSE,34,Estimated Annual Gross Value Added (GVA) Per Establishment (Rs.),"{""frequency_code"": 1, ""indicator_code"": 34}",0,2021,2025,4,activity_category(50); establishment_type(3); sector(3)
ASUSE,35,State/UT-wise Estimated Annual Gross Value Added (GVA) Per Establishment (Rs.),"{""frequency_code"": 1, ""indicator_code"": 35}",39,2021,2025,4,broad_activity_category(4); establishment_type(3); sector(3)
ASUSE,36,Estimated market value of land and fixed assets and outstanding loans per establishments (in Rs.) for each activity category,"{""frequency_code"": 1, ""indicator_code"": 36}",0,,,,activity_category(50); establishment_type(3); fixed_assets(3); sector(3); sub_indicator(6)
ASUSE,37,State/UT-wise estimated market value of land and fixed assets and outstanding loans per establishments (in Rs.),"{""frequency_code"": 1, ""indicator_code"": 37}",37,,,,broad_activity_category(4); establishment_type(3); fixed_assets(3); sector(3); sub_indicator(6)
ASUSE,38,Number Per 1000 of Establishments Using Internet by Type of Its Use,"{""frequency_code"": 1, ""indicator_code"": 38}",0,2021,2025,4,broad_activity_category(4); sector(3); usage_of_internet(13)
ASUSE,39,Estimated Value of Key Characteristics by Number of Workers,"{""frequency_code"": 1, ""indicator_code"": 39}",0,2021,2025,4,activity_category(21); broad_activity_category(4); sector(3); worker_characteristics(9); worker_number(21)
ASUSE,4,State/UT-wise Per 1000 Distribution of Establishments by Type of Ownership,"{""frequency_code"": 1, ""indicator_code"": 4}",39,2021,2025,4,broad_activity_category(4); establishment_type(3); ownership_type(10); sector(3)
ASUSE,5,Per 1000 Distribution of Proprietary and Partnership Establishments by Level of General Education of Owner-Major Partner,"{""frequency_code"": 1, ""indicator_code"": 5}",0,2021,2025,4,general_education_level(7); sector(3)
ASUSE,56,Estimated number of establishments classified as MSME/non-MSME for each activity category,"{""frequency_code"": 1, ""indicator_code"": 56}",0,,,,activity_category(50); establishment_type(3); estimated_type(6); sector(3)
ASUSE,59,Percentage distribution of outstanding loan (as on last day of reference period) by source,"{""frequency_code"": 1, ""indicator_code"": 59}",0,,,,broad_activity_category(4); outstanding_loan_type(6); sector(3)
ASUSE,6,Per 1000 Distribution of Prop. & Partnership Establishments by Social Group of Owner-Major Partner,"{""frequency_code"": 1, ""indicator_code"": 6}",0,2021,2025,4,activity_category(50); establishment_type(3); sector(3); social_group_of_owner/Major_partner(6)
ASUSE,60,Estimated number of establishments classified as MSME/non-MSME for each State/UT,"{""frequency_code"": 1, ""indicator_code"": 60}",37,,,,broad_activity_category(4); establishment_type(3); estimated_type(6); sector(3)
ASUSE,7,State/UT-wise Per 1000 Distribution of Prop. & Partnership Establishments by Social Group of Owner-Major Partner,"{""frequency_code"": 1, ""indicator_code"": 7}",39,2021,2025,4,broad_activity_category(4); establishment_type(3); sector(3); social_group_of_owner/Major_partner(6)
ASUSE,8,Per 1000 Distribution of Prop. & Partnership Estt. by Number of Other Economic Activities,"{""frequency_code"": 1, ""indicator_code"": 8}",0,2021,2023,3,activity_category(50); establishment_type(3); other_economic_activitycount(6); sector(3)
ASUSE,9,State/UT-wise Number Per 1000 of Establishments Maintaining any Bank Account-Post Office Savings Bank Account,"{""frequency_code"": 1, ""indicator_code"": 9}",39,2021,2025,4,account_holder(3); broad_activity_category(4); establishment_type(3); sector(3)
ASUSE,40,Percentage of proprietary and partnership establishments,"{""frequency_code"": 2, ""indicator_code"": 40}",0,2025,2026,2,broad_activity_category(4); quarter(4); sector(3)
ASUSE,41,Percentage of hired worker establishments,"{""frequency_code"": 2, ""indicator_code"": 41}",0,2025,2026,2,broad_activity_category(4); quarter(4); sector(3)
ASUSE,42,Percentage of market establishments,"{""frequency_code"": 2, ""indicator_code"": 42}",0,2025,2026,2,broad_activity_category(4); quarter(4); sector(3)
ASUSE,46,Percentage Share of Working Owner,"{""frequency_code"": 2, ""indicator_code"": 46}",0,2025,2026,2,broad_activity_category(4); quarter(4); sector(3)
ASUSE,47,No. of establishments (in ’00),"{""frequency_code"": 2, ""indicator_code"": 47}",0,2025,2026,2,broad_activity_category(4); quarter(4)
ASUSE,48,No. of workers (in ’00),"{""frequency_code"": 2, ""indicator_code"": 48}",0,2025,2026,2,broad_activity_category(4); quarter(4)
ASUSE,49,Percentage Share of Hired worker,"{""frequency_code"": 2, ""indicator_code"": 49}",0,2025,2026,2,broad_activity_category(4); quarter(4); sector(3)
ASUSE,50,Percentage Share of Other Workers (including unpaid family members),"{""frequency_code"": 2, ""indicator_code"": 50}",0,2025,2026,2,broad_activity_category(4); quarter(4); sector(3)
CPIALRL,1,General Index,"{""indicator_code"": 1}",35,1999,2026,28,base_year(2); month(12)
CPIALRL,2,Group Index,"{""indicator_code"": 2}",35,1999,2026,28,base_year(2); groups(7); month(12)
CPI,,,"{""base_year"": ""2012"", ""level"": ""Group""}",37,2011,2025,15,group(8); month(12); sector(3); series(2); subgroup(28)
CPI,,,"{""base_year"": ""2012"", ""level"": ""Item""}",0,2014,2025,12,indicator(2); item(299); month(12)
CPI,,,"{""base_year"": ""2024"", ""level"": ""Group""}",37,2025,2026,2,Class(12); division(13); group(12); imputation(2); item(12); month(12); sector(3); series(2); sub_class(12)
CPI,,,"{""base_year"": ""2024"", ""level"": ""Item""}",37,2025,2026,2,Class(12); division(13); group(12); imputation(2); item(12); month(12); sector(3); series(2); sub_class(12)
EC,1,"District-wise establishment and worker counts. 36 States/UTs, 24 activity sectors, source of finance, ownership type.","{""indicator_code"": 1}",36,,,,activity(18); nop(2); ownership(4); sector(2); sof(6); top5opt(6)
EC,2,"District-wise establishment and worker counts. 35 States/UTs, 313 NIC-based activity codes, nature of operation, source of finance, ownership type.","{""indicator_code"": 2}",35,,,,nop(2); ownership(4); sector(2); sof(6); top5opt(6)
EC,3,"District-wise establishment and worker counts. 35 States/UTs, 18 activity sectors, nature of operation, source of finance, ownership type.","{""indicator_code"": 3}",35,,,,activity(16); nop(2); ownership(4); sector(2); sof(6); top5opt(6)
ENERGY,1,Energy Balance ( in KToE ),"{""indicator_code"": 1}",0,2012,2023,12,end_use_sector(5); energy_commodities(10)
ENERGY,2,Energy Balance ( in PetaJoules ),"{""indicator_code"": 2}",0,2012,2023,12,end_use_sector(5); energy_commodities(10)
ENVSTATS,1,Annual and Seasonal Mean Temperature,"{""indicator_code"": 1}",0,2001,2024,24,period(5)
ENVSTATS,10,Category-wise distribution of land degradation in different States of India,"{""indicator_code"": 10}",37,2005,2015,2,land_degradation(9)
ENVSTATS,100,Percentage of households getting safe and adequate drinking water within premises through pipe water supply (Urban),"{""indicator_code"": 100}",36,2024,2024,1,area(1); sub_indicator(3)
ENVSTATS,101,Distribution of Households with Access to Sanitation,"{""indicator_code"": 101}",1,1991,2011,3,area(3); sub_indicator(3)
ENVSTATS,102,Percentage distribution of Households by sanitation facilities,"{""indicator_code"": 102}",30,,,,NFHS_round(1); area(3); sub_indicator(4)
ENVSTATS,103,Number of Towns/ Cities Reporting Slums and Percentage of Slum Population,"{""indicator_code"": 103}",36,2011,2011,1,slums(4); sub_indicator(3); towns(2)
ENVSTATS,104,Percentage of Districsts achieving Open Defecation free (ODF) target,"{""indicator_code"": 104}",36,2016,2023,8,
ENVSTATS,105,Proportion of households having access to toilet facility,"{""indicator_code"": 105}",36,2015,2023,9,area(1)
ENVSTATS,107,Population connected to wastewater collecting system,"{""indicator_code"": 107}",36,,,,sub_indicator(7)
ENVSTATS,108,Slum households by source and location of drinking water,"{""indicator_code"": 108}",32,2011,2011,1,sub_indicator(7)
ENVSTATS,11,Area under land use and land cover classes in India,"{""indicator_code"": 11}",0,,,,
ENVSTATS,110,All india weighted average rate of sale of power (WARSP) from conventional power generating stations,"{""indicator_code"": 110}",1,2023,2023,1,
ENVSTATS,111,Statistics related to Road Transport,"{""indicator_code"": 111}",1,2010,2021,12,lenght_of_road(2); movement_by_road_transport(2); revenue_realised(2); sub_indicator(6); vehicles_registered(3)
ENVSTATS,112,Status of registered Motor Vehicles,"{""indicator_code"": 112}",35,2018,2022,5,sub_indicator(2)
ENVSTATS,113,Number of passengers carried by state road transport undertakings,"{""indicator_code"": 113}",1,2019,2021,3,
ENVSTATS,114,Cases & Deaths - Cholera,"{""indicator_code"": 114}",38,2007,2022,16,sub_indicator(2)
ENVSTATS,115,Cases and deaths - Acute Diarrhoeal Disease,"{""indicator_code"": 115}",38,2007,2022,16,sub_indicator(2)
ENVSTATS,116,Cases and deaths - Enteric Fever (Typhoid),"{""indicator_code"": 116}",38,2007,2022,16,sub_indicator(2)
ENVSTATS,117,Cases and Deaths - Viral Hepatitis,"{""indicator_code"": 117}",38,2010,2022,13,sub_indicator(2)
ENVSTATS,118,Cases and Deaths - Acute Respiratory Infection,"{""indicator_code"": 118}",38,2010,2022,13,sub_indicator(2)
ENVSTATS,119,Cases and deaths - Malaria,"{""indicator_code"": 119}",36,2016,2024,9,sub_indicator(3)
ENVSTATS,12,State-wise area by land cover classes,"{""indicator_code"": 12}",37,2011,2015,2,land_cover(31); land_use_category(7)
ENVSTATS,120,Cases and death - Dengue,"{""indicator_code"": 120}",36,2007,2023,17,sub_indicator(2)
ENVSTATS,121,Cases - Chikungunya fever,"{""indicator_code"": 121}",35,2015,2023,9,
ENVSTATS,122,Cases and deaths - Acute Encephalitis Syndrome (AES),"{""indicator_code"": 122}",36,2018,2022,5,sub_indicator(4)
ENVSTATS,123,Expenditure on Centrally Sponsored Schemes for Protection of Environment,"{""indicator_code"": 123}",1,2015,2025,8,scheme(4)
ENVSTATS,124,Annual Government Expenditure on Environmental Protection,"{""indicator_code"": 124}",1,2011,2022,12,sub_indicator(1)
ENVSTATS,125,Annual Corporate Expenditure on Environment Protection- Conservation of Natural Resources Sector,"{""indicator_code"": 125}",38,2014,2022,9,
ENVSTATS,126,Annual Corporate Expenditure on Environment Protection- Agro Forestry Sector,"{""indicator_code"": 126}",38,2015,2022,8,
ENVSTATS,127,Annual Corporate Expenditure on Environment Protection- Environmental Sustainability sector,"{""indicator_code"": 127}",38,2014,2022,9,
ENVSTATS,128,Annual Corporate Expenditure on Environment Protection- Across 3 sectors,"{""indicator_code"": 128}",38,2014,2022,9,
ENVSTATS,129,Subsidies (including Environment-related Subsidies) under Indian Budget,"{""indicator_code"": 129}",1,2023,2025,3,sub_indicator(3); subsidy_scheme(36)
ENVSTATS,13,List of ramsar sties in india,"{""indicator_code"": 13}",25,,,,sub_indicator(1)
ENVSTATS,130,"Number of Students pursuing environment-related higher education at Ph.D.,M.Phil. & Post Graduate Level","{""indicator_code"": 130}",1,2016,2021,6,broad_discipline(3); major_discipline(11); sub_indicator(3)
ENVSTATS,131,Amount of Waste Generated by Total Quantity of Bio-medical Waste,"{""indicator_code"": 131}",36,2016,2022,7,
ENVSTATS,132,Amount of Waste Generated by Estimated Plastic Waste,"{""indicator_code"": 132}",35,2016,2020,5,
ENVSTATS,14,Terrestrial Protected Areas,"{""indicator_code"": 14}",37,2024,2024,1,sub_indicator(7)
ENVSTATS,16,Faunal diversity in India and the world,"{""indicator_code"": 16}",0,,,,phylum(42); sub_indicator(8)
ENVSTATS,17,Category -wise status summary of plants at global level,"{""indicator_code"": 17}",0,,,,risk_category(18); risk_status(10)
ENVSTATS,18,State-wise Forest Area,"{""indicator_code"": 18}",37,2001,2023,11,
ENVSTATS,19,Forest Cover in India under various forest classes,"{""indicator_code"": 19}",1,2005,2023,9,land_cover(7); sub_indicator(2)
ENVSTATS,2,Annual and Seasonal Minimum and Maximum Temperature,"{""indicator_code"": 2}",1,2001,2024,24,period(5); sub_indicator(2)
ENVSTATS,20,Forest Cover,"{""indicator_code"": 20}",38,2001,2023,11,
ENVSTATS,21,Number of forest fire detected,"{""indicator_code"": 21}",36,2021,2023,3,sensor(2)
ENVSTATS,22,Carbon Stock in different forest carbon pools,"{""indicator_code"": 22}",36,2021,2021,1,carbon_pool(6)
ENVSTATS,23,Forest type and density wise carbon stock in different carbon pools,"{""indicator_code"": 23}",0,2021,2021,1,carbon_pool(6); land_cover(17); sub_indicator(3)
ENVSTATS,24,Tree Cover,"{""indicator_code"": 24}",37,2000,2021,11,
ENVSTATS,25,Ambient Air Quality in cities of the country under NAMP & CAAQMS (Integrated),"{""indicator_code"": 25}",36,2023,2023,1,cities(497); emission_source(4); sub_indicator(2)
ENVSTATS,26,Ambient Air Quality in major cities,"{""indicator_code"": 26}",0,1996,2023,23,cities(7); emission_source(3)
ENVSTATS,27,Water Quality in Indian Rivers,"{""indicator_code"": 27}",0,2014,2022,9,river(15); sub_indicator(8)
ENVSTATS,28,River Water Quality,"{""indicator_code"": 28}",32,2022,2022,1,sub_indicator(16)
ENVSTATS,3,Annual and Monthly Rainfall,"{""indicator_code"": 3}",0,2001,2024,24,month(13)
ENVSTATS,30,Status of Critically Polluted industrial clusters,"{""indicator_code"": 30}",0,2009,2018,3,area(100); sub_indicator(4)
ENVSTATS,31,Status of Ambient Noise Level in Metropolitan Cities,"{""indicator_code"": 31}",0,2015,2022,8,cities(7); monitoring_station(72); sub_indicator(3)
ENVSTATS,32,Mineral Reserves and Resources,"{""indicator_code"": 32}",1,2005,2020,4,minerals_metal(83); sub_indicator(3)
ENVSTATS,33,Production of Minerals,"{""indicator_code"": 33}",1,2017,2024,9,fuel_mineral_sub_cate(4); metalic_mineral_sub_cate(14); minerals_category(3); nonmetalic_minerl_sub_cate(31)
ENVSTATS,34,Import of Ores and Minerals,"{""indicator_code"": 34}",1,2019,2021,3,ore(79); sub_indicator(2)
ENVSTATS,35,Export of Ores and Minerals (including re-export),"{""indicator_code"": 35}",1,2019,2021,3,ore(77); sub_indicator(2)
ENVSTATS,36,Inventory of geological reserves of coal by type,"{""indicator_code"": 36}",1,2008,2024,17,sub_indicator(4); type_of_coal(4)
ENVSTATS,37,Inventory of geological reserves of coal,"{""indicator_code"": 37}",15,2010,2024,15,area(2); sub_indicator(4)
ENVSTATS,38,Inventory of geological reserve of Lignite,"{""indicator_code"": 38}",9,2012,2024,13,sub_indicator(4)
ENVSTATS,39,Total Primary Supply of Coal & Lignite,"{""indicator_code"": 39}",1,2005,2023,19,fuel_type(3); sub_indicator(8)
ENVSTATS,4,Wetland distribution in India,"{""indicator_code"": 4}",37,,,,wetland_area_type(23)
ENVSTATS,40,Power Supply Position,"{""indicator_code"": 40}",36,2024,2024,1,sub_indicator(8); zone(5)
ENVSTATS,41,Annual gross generation of power by source and by sector,"{""indicator_code"": 41}",1,1947,2023,32,source_power_generation(8)
ENVSTATS,42,Import and Export of Electricity,"{""indicator_code"": 42}",1,2011,2023,13,sub_indicator(3)
ENVSTATS,43,Land Use Classification,"{""indicator_code"": 43}",37,2019,2022,11,land_use_category(6); land_use_sub_category(6)
ENVSTATS,44,Net area irrigated from different sources and gross irrigated area,"{""indicator_code"": 44}",1,1950,2022,73,source_irrigation(7); sub_indicator(4)
ENVSTATS,45,State-wise area under organic farming (Registered under accredited certification bodies),"{""indicator_code"": 45}",31,2023,2023,1,cultivated_area(3); sub_indicator(3)
ENVSTATS,46,Value of Output - Forestry (At Current Prices),"{""indicator_code"": 46}",37,2020,2022,3,
ENVSTATS,47,Value of Output - Industrial Wood (At Current Prices),"{""indicator_code"": 47}",37,2020,2022,3,
ENVSTATS,48,Value of Output - Fuelwood(At Current Pric,"{""indicator_code"": 48}",37,2020,2022,3,
ENVSTATS,49,Value of Output - Non-Timber Forest Products (At Current Prices),"{""indicator_code"": 49}",37,2020,2022,3,
ENVSTATS,5,Number and Area of Wetlands,"{""indicator_code"": 5}",37,,,,sub_indicator(6)
ENVSTATS,50,Area under major crops,"{""indicator_code"": 50}",1,1950,2024,32,
ENVSTATS,51,Production of major crops,"{""indicator_code"": 51}",1,2003,2023,21,commodity(21)
ENVSTATS,52,Production of Biofertilizers,"{""indicator_code"": 52}",36,2010,2023,14,sub_indicator(3); zone(5)
ENVSTATS,53,Capacity and production of insecticides,"{""indicator_code"": 53}",1,2019,2024,6,pesticides_insecticides(44); sub_indicator(2)
ENVSTATS,54,"Consumption, Production and Import of Fertilisers","{""indicator_code"": 54}",1,1981,2023,43,emission_source(4); sub_indicator(4)
ENVSTATS,55,Nutrient-wise consumption of Fertilizers,"{""indicator_code"": 55}",36,2019,2021,3,emission_source(4); zone(5)
ENVSTATS,56,Consumption of Chemical Pesticides in India,"{""indicator_code"": 56}",37,2014,2023,10,sub_indicator(2)
ENVSTATS,57,Consumption of Pesticides (Technical Grade Material),"{""indicator_code"": 57}",1,2001,2022,22,sub_indicator(1)
ENVSTATS,58,Consumption of bio pesticides formulation,"{""indicator_code"": 58}",37,2014,2023,10,sub_indicator(2)
ENVSTATS,59,Import of Agricultural Products,"{""indicator_code"": 59}",1,2020,2024,5,commodity(48); sub_indicator(2)
ENVSTATS,6,Water Sheds in India,"{""indicator_code"": 6}",0,2019,2019,1,river_length(20); sub_basin(94); sub_indicator(9)
ENVSTATS,60,Export of Agricultural Products,"{""indicator_code"": 60}",1,2020,2024,5,commodity(48); sub_indicator(2)
ENVSTATS,61,Livestock population in India,"{""indicator_code"": 61}",1,1951,2019,14,species(17)
ENVSTATS,62,Number of animals slaughtered and Quantity of Meat Production,"{""indicator_code"": 62}",35,2023,2023,1,species(6); sub_indicator(2)
ENVSTATS,63,Import and Export of Livestock & Marine Products,"{""indicator_code"": 63}",1,2015,2023,9,livestock_marine_products(8); sub_indicator(2)
ENVSTATS,64,Fish Production-India,"{""indicator_code"": 64}",1,1950,2023,29,sub_indicator(2)
ENVSTATS,65,Fish Production,"{""indicator_code"": 65}",37,2015,2023,9,
ENVSTATS,66,Water availability in India,"{""indicator_code"": 66}",1,2024,2024,1,sub_indicator(6)
ENVSTATS,67,Water resources -Basinwise,"{""indicator_code"": 67}",1,2025,2050,2,river(24); sub_indicator(3)
ENVSTATS,68,Projected Water Demand in India,"{""indicator_code"": 68}",1,2010,2050,3,sector(6); sub_indicator(2)
ENVSTATS,69,Water flow in stream,"{""indicator_code"": 69}",1,,,,river(16); river_length(3); sub_indicator(3)
ENVSTATS,7,Catchment Area of major River Basins,"{""indicator_code"": 7}",0,2024,2024,1,river(25); sub_indicator(1)
ENVSTATS,70,Basin- Wise dynamic ground water resources,"{""indicator_code"": 70}",1,2020,2020,1,basin(27); sub_indicator(12)
ENVSTATS,71,Ground water resources,"{""indicator_code"": 71}",36,2024,2024,1,sub_indicator(14)
ENVSTATS,72,Basin-wise Storage Status of Reservoirs of the Country,"{""indicator_code"": 72}",0,,,,
ENVSTATS,73,Storage Status of Reservoirs of the Country,"{""indicator_code"": 73}",24,2025,2025,1,sub_indicator(4)
ENVSTATS,74,"River basin-wise catchment area, average water resources potential and utilisable water resources potential","{""indicator_code"": 74}",1,2024,2024,1,river(25); sub_indicator(3)
ENVSTATS,75,Greenhouse gas emission by source and removal by sinks from India,"{""indicator_code"": 75}",0,2020,2020,1,emission_source(9); sub_indicator(2)
ENVSTATS,76,Consumption of Ozone Depleting Substances (ODSs) and Hydrofluorocarbons (HFCs) in India,"{""indicator_code"": 76}",1,2000,2023,24,ozone_depleting_substance(41)
ENVSTATS,77,Summary of Sewage Management,"{""indicator_code"": 77}",36,2020,2020,1,sub_indicator(4)
ENVSTATS,78,Status of grossly polluting industries discharging their effluents into rivers and lakes,"{""indicator_code"": 78}",36,2020,2024,4,sub_indicator(4)
ENVSTATS,8,Length of Coastline and Coastal Population of India,"{""indicator_code"": 8}",13,2025,2025,1,sub_indicator(2)
ENVSTATS,80,Municipal Solid Waste Generation in India,"{""indicator_code"": 80}",36,2021,2021,1,sub_indicator(6)
ENVSTATS,81,Municipal Solid Waste Generation in Metro Cities / State Capitals,"{""indicator_code"": 81}",1,1999,2022,9,cities(46); sub_indicator(2)
ENVSTATS,82,Amount of Waste Generated by Quantity of Hazardous Waste,"{""indicator_code"": 82}",35,2018,2022,5,
ENVSTATS,83,Details on Hazardous Waste generation,"{""indicator_code"": 83}",35,2022,2022,1,hazardous_waste(5); sub_indicator(2)
ENVSTATS,84,Status of Bio-medical Waste Generation and its Management,"{""indicator_code"": 84}",36,2016,2022,7,sub_indicator(5)
ENVSTATS,85,Status on Imports & Exports of Hazardous Waste,"{""indicator_code"": 85}",35,2019,2022,4,sub_indicator(2)
ENVSTATS,86,Status of Industrial Waste Water Treatment Plants,"{""indicator_code"": 86}",34,,,,sub_indicator(2)
ENVSTATS,87,Average Number of Heat Wave Days reported during the Summer Season,"{""indicator_code"": 87}",24,2010,2024,15,
ENVSTATS,88,Average Number of Cold Wave Days Reported during the Winter Season (December of Previous Year to February of Current Year),"{""indicator_code"": 88}",24,2010,2024,15,
ENVSTATS,89,Number of Cyclonic Storms formed over the North Indian Ocean,"{""indicator_code"": 89}",1,1967,2024,59,month(13)
ENVSTATS,9,Occurrence of Major Soils in India,"{""indicator_code"": 9}",1,,,,soil(8); sub_indicator(2)
ENVSTATS,91,Major Earthquakes in India,"{""indicator_code"": 91}",23,1905,2018,27,sub_indicator(3)
ENVSTATS,92,Damage due to Natural Extreme Events in India,"{""indicator_code"": 92}",1,2001,2024,24,sub_indicator(4)
ENVSTATS,93,Damage due to Natural Extreme Events,"{""indicator_code"": 93}",32,2023,2024,2,sub_indicator(4)
ENVSTATS,94,Number of Deaths due to Forces of Nature,"{""indicator_code"": 94}",0,2017,2022,6,causes(14); sub_indicator(2)
ENVSTATS,95,Government Expenditure on account of Natural Calamities,"{""indicator_code"": 95}",31,2017,2024,8,sub_indicator(3)
ENVSTATS,96,"Houses, Households and Population in India","{""indicator_code"": 96}",1,1981,2011,4,area(3); sub_indicator(6)
ENVSTATS,97,Coastal Fishing Population in India,"{""indicator_code"": 97}",13,,,,sub_indicator(7)
ENVSTATS,98,Distribution of Households by Major Source of Drinking Water,"{""indicator_code"": 98}",1,1998,2019,4,NFHS_round(4); area(2); source_drinking_water(9)
ENVSTATS,99,Percentage of households getting safe and adequate drinking water within premises through pipe water supply (Rural),"{""indicator_code"": 99}",34,2019,2023,5,area(1); sub_indicator(3)
GENDER,1,Trend in Population,"{""indicator_code"": 1}",0,1951,2036,12,gender(3); sector(3)
GENDER,10,Total Fertility Rate,"{""indicator_code"": 10}",0,2019,2023,5,education_level(9); sector(3)
GENDER,100,Percentage of persons in different age groups participating in the activities in a day (TUS 2019),"{""indicator_code"": 100}",0,,,,activity(9); age_group(2); gender(3)
GENDER,101,Percentage of persons participating in learning activities and average time (in minutes) spent in a day per participant in learning activities,"{""indicator_code"": 101}",0,,,,age_group(2); gender(3); sector(3); sub_indicator(2)
GENDER,102,"Average Time (in Minutes)spent per day per person– Unpaid, Paid & Residual activities","{""indicator_code"": 102}",0,,,,activity(3); age_group(4); gender(2); sector(3)
GENDER,103,"Average Time (in Minutes)spent per day per person– Unpaid, Paid & Residual activities (6 years & above) (TUS 2019)","{""indicator_code"": 103}",0,,,,activity(5); gender(3)
GENDER,104,Average time (in minutes) spent in a day in unpaid and paid activities (TUS 2024),"{""indicator_code"": 104}",0,,,,activity(4); gender(3); sub_indicator(2)
GENDER,105,Women employed in Scheduled Commercial Banks,"{""indicator_code"": 105}",0,,,,bank_group(7); employment_category(4); gender(2); sector(5)
GENDER,106,Distribution of Employees of Scheduled Commercial Banks,"{""indicator_code"": 106}",37,,,,employment_category(4); gender(2)
GENDER,107,Population Group Wise Deposits of Scheduled Commercial Banks,"{""indicator_code"": 107}",0,,,,deposit_amount(2); sector(5); sub_indicator(4)
GENDER,108,State/UT Wise Deposits of Scheduled Commercial Banks,"{""indicator_code"": 108}",37,,,,deposit_amount(2); sub_indicator(4)
GENDER,109,"Cumulative Enrolments in PMJJBY, PMSBY","{""indicator_code"": 109}",39,,,,gender(4); scheme(2)
GENDER,11,Percentage distribution of live births,"{""indicator_code"": 11}",0,2019,2023,5,birth_order(4); sector(3)
GENDER,110,Indicators of Pradhan Mantri Vaya Vandana Yojana (PMVVY),"{""indicator_code"": 110}",34,,,,sub_indicator(5)
GENDER,111,No. of Accounts under Pradhan Mantri Jan Dhan Yojan (PMJDY),"{""indicator_code"": 111}",37,,,,gender(3)
GENDER,112,Indicators of  Pradhan Mantri Mudra Yojna (PMMY),"{""indicator_code"": 112}",36,,,,gender(2); sub_indicator(3)
GENDER,113,Subscribers under Atal Pension Yojana (APY),"{""indicator_code"": 113}",37,,,,gender(4)
GENDER,114,Indicators of Stand Up India (SUPI),"{""indicator_code"": 114}",37,,,,activity(2); gender(4)
GENDER,115,Details of Demat accounts with CDSL,"{""indicator_code"": 115}",37,2021,2025,6,gender(3)
GENDER,116,Progress under Microfinance - Savings of SHGs with banks,"{""indicator_code"": 116}",37,,,,activity(3); sub_indicator(2)
GENDER,117,Progress under Microfinance - Bank loans disbursed by banks to SHGs,"{""indicator_code"": 117}",37,,,,activity(2); sub_indicator(2)
GENDER,118,Distribution of individual investors,"{""indicator_code"": 118}",37,,,,gender(2)
GENDER,119,Percentage Share of estimated number of Female Workers for top 3 States (all-India),"{""indicator_code"": 119}",6,2021,2023,3,broad_activity_category(4)
GENDER,12,Adolescent (15-19) Fertility Rates,"{""indicator_code"": 12}",23,2019,2023,5,sector(3)
GENDER,120,Share of female headed estimated proprietary establishments of  major states by broad activity category,"{""indicator_code"": 120}",22,2021,2023,3,broad_activity_category(4)
GENDER,121,Per 1000 distribution of number of establishments of major states,"{""indicator_code"": 121}",22,2021,2023,3,sub_indicator(9)
GENDER,122,Percentage share of female workers to total number of workers,"{""indicator_code"": 122}",0,2021,2023,3,broad_activity_category(4); sector(3); type_of_establishment(3)
GENDER,123,Representation of Women in the Central Council of Ministers,"{""indicator_code"": 123}",0,1996,2025,21,sub_indicator(7)
GENDER,124,Persons Contesting and Elected in Various Lok Sabha Elections,"{""indicator_code"": 124}",0,1952,2024,18,lok_sabha_election(18); sub_indicator(8)
GENDER,125,Women Elected in 18th Lok Sabha 2024,"{""indicator_code"": 125}",37,,,,sub_indicator(3)
GENDER,126,Women and Men Elected in State Assemblies,"{""indicator_code"": 126}",32,2014,2025,8,gender(3)
GENDER,127,Status of representation of women in Panchayati Raj Institutions (PRIs),"{""indicator_code"": 127}",32,,,,sub_indicator(6)
GENDER,128,Number of Electors and Percentage of Electors Voting in Various General Elections,"{""indicator_code"": 128}",0,1952,2024,18,gender(3); lok_sabha_election(18); sub_indicator(2)
GENDER,129,Women Voters Turnout for General Election - 2024,"{""indicator_code"": 129}",37,,,,sub_indicator(6)
GENDER,13,Age Specific Fertility Rate by level of education of women,"{""indicator_code"": 13}",0,2021,2023,3,age_group(7); education_level(9); sector(3)
GENDER,130,Women Judges in Supreme Court and High Courts,"{""indicator_code"": 130}",0,,,,court(27); sub_indicator(6)
GENDER,131,Persons Engaged at Managerial Positions in Companies,"{""indicator_code"": 131}",0,2017,2025,9,gender(3); sub_indicator(3)
GENDER,132,Strength of Female Police Officers in India,"{""indicator_code"": 132}",0,,,,police(14); sub_indicator(3)
GENDER,133,Number of Women-led Start-ups,"{""indicator_code"": 133}",37,2017,2025,10,
GENDER,134,"Participation of officers in Indian Army, Navy and Airforce","{""indicator_code"": 134}",0,2020,2025,6,gender(3); sub_indicator(5)
GENDER,135,Intake of Women & Men officers in Various All India Central Group B & C Services,"{""indicator_code"": 135}",0,2023,2024,2,gender(3); service(12)
GENDER,136,"Total Women Owned MSMEs Registered & Classified and their Employment, Investment & Turnover Under Udyam","{""indicator_code"": 136}",37,,,,sub_indicator(7)
GENDER,137,Women IMEs and employment data for the women IMEs,"{""indicator_code"": 137}",37,,,,sub_indicator(2)
GENDER,138,Women Participation in Household Decision-Making,"{""indicator_code"": 138}",37,2015,2019,2,sector(3)
GENDER,14,Women's Mean Age at Marriage,"{""indicator_code"": 14}",23,2019,2023,5,sector(3)
GENDER,140,Status of Major Crimes Committed Against Women,"{""indicator_code"": 140}",0,2017,2023,7,crime_head(10); sub_indicator(2)
GENDER,141,Rate (per Lakh Women) of Incidence of Various Crimes Committed against Women,"{""indicator_code"": 141}",37,,,,crime_head(10); sub_indicator(4)
GENDER,142,Distribution of Rape Victims,"{""indicator_code"": 142}",37,,,,age_group(9); sub_indicator(2)
GENDER,143,Percentage of Married Women age 18-49 years Experienced Violence by their Husband,"{""indicator_code"": 143}",39,2015,2019,2,sub_indicator(2)
GENDER,144,Disposal of Crimes Committed Against Women Cases by Police,"{""indicator_code"": 144}",0,,,,crime_head(13); sub_indicator(5)
GENDER,145,Disposal of Crimes Committed Against Women Cases by Courts,"{""indicator_code"": 145}",0,,,,crime_head(13); sub_indicator(5)
GENDER,146,Percentage of women aged 20-24 years married before age 18 years,"{""indicator_code"": 146}",39,2015,2019,2,
GENDER,147,Percentage of Men aged 25-29 years who were married before age 21 years,"{""indicator_code"": 147}",38,2015,2019,2,
GENDER,149,Incidence of Suicides,"{""indicator_code"": 149}",0,2004,2023,20,gender(4); sub_indicator(3)
GENDER,15,Year Wise Infant Mortality Rate,"{""indicator_code"": 15}",0,2008,2023,16,gender(3)
GENDER,150,Profile of Suicide Victims by various Parameters,"{""indicator_code"": 150}",0,,,,category(30); gender(4); sub_indicator(3)
GENDER,151,Cyber Crimes against Women,"{""indicator_code"": 151}",37,,,,sub_indicator(7)
GENDER,152,Percentage of Disabled (Differently abled persons),"{""indicator_code"": 152}",0,,,,gender(3); sector(3)
GENDER,153,Percentage of persons with broad type of disabilities,"{""indicator_code"": 153}",0,,,,gender(3); sector(3); sub_indicator(8)
GENDER,154,Percentage of Disabled persons to Total population,"{""indicator_code"": 154}",37,,,,gender(3)
GENDER,155,Percentage of females by type of disability,"{""indicator_code"": 155}",37,,,,sub_indicator(8)
GENDER,156,Cases Filed by Women,"{""indicator_code"": 156}",35,,,,sub_indicator(3)
GENDER,157,Year wise Cyber Crimes against Women,"{""indicator_code"": 157}",0,2017,2023,7,sub_indicator(7)
GENDER,159,TB cases notified for the year 2024,"{""indicator_code"": 159}",37,,,,gender(3)
GENDER,16,State/UT  Wise Infant Mortality Rate,"{""indicator_code"": 16}",23,2021,2023,3,gender(3); sector(3)
GENDER,160,Distribution of Deaths by Major Cause Groups in India,"{""indicator_code"": 160}",0,2019,2021,3,category(2); gender(3); sub_indicator(5)
GENDER,161,State-wise Gender Parity Indices (GPI),"{""indicator_code"": 161}",39,2017,2024,6,education_level(5)
GENDER,162,Percentage of students reported expenditure on course fees,"{""indicator_code"": 162}",37,,,,gender(3); sector(3)
GENDER,163,Average expenditure (Rs.) per reported student on school education,"{""indicator_code"": 163}",37,,,,gender(3); sector(3)
GENDER,164,Results Of Secondary Examination (Class X) - Regular Board,"{""indicator_code"": 164}",30,2022,2024,3,board(48); gender(3); sub_indicator(2)
GENDER,165,Results Of Secondary Examination (Class X) - Open Board,"{""indicator_code"": 165}",12,2022,2024,3,board(12); gender(3); sub_indicator(2)
GENDER,166,Results Of Secondary Examination (Class XII) - Regular Board,"{""indicator_code"": 166}",30,2022,2024,3,board(46); gender(3); sub_indicator(2)
GENDER,167,Results Of Secondary Examination (Class XII) - Open Board,"{""indicator_code"": 167}",13,2022,2024,3,board(13); gender(3); sub_indicator(2)
GENDER,168,State-wise Enrolment in STEM courses,"{""indicator_code"": 168}",37,2019,2022,4,education_level(3)
GENDER,169,Number of Indian Students Pursuing Education Abroad,"{""indicator_code"": 169}",0,2021,2025,5,country(122); gender(3)
GENDER,17,Under-Five Mortality Rates (U5MR),"{""indicator_code"": 17}",23,2020,2023,4,gender(3)
GENDER,170,"Overall Performance Comparison - Grades 3, 6, and 9","{""indicator_code"": 170}",0,,,,education_level(3); sub_indicator(4); subject(3)
GENDER,171,National Social Assistance Programme,"{""indicator_code"": 171}",37,,,,gender(4); scheme(3)
GENDER,172,"Strength of Women Police, Reservation of Women Police, Women Population Per Woman Police","{""indicator_code"": 172}",37,,,,sub_indicator(3)
GENDER,173,Gender-wise number of officers,"{""indicator_code"": 173}",0,2020,2026,7,gender(3); sub_indicator(4)
GENDER,174,Distribution of Proprietary MSME by Gender of Owners Under Udyam and Udyam Assist Portal,"{""indicator_code"": 174}",37,,,,gender(3); sub_indicator(3)
GENDER,175,Percentage of persons able to complain about cybercrime/ report cyber fraud in the cybercrime reporting portal,"{""indicator_code"": 175}",37,,,,gender(3); sector(3)
GENDER,176,Data regarding Women Help Desks set up in Police Stations,"{""indicator_code"": 176}",37,,,,sub_indicator(4)
GENDER,177,Progress under Microfinance - Bank Loans outstanding against SHGs,"{""indicator_code"": 177}",37,,,,activity(2); sub_indicator(2)
GENDER,18,Year Wise Life Expectancy at birth,"{""indicator_code"": 18}",0,1990,2031,33,gender(2)
GENDER,19,State/UT  wise Life Expectancy at birth,"{""indicator_code"": 19}",23,2016,2019,4,gender(3); sector(3)
GENDER,2,Sex Ratio,"{""indicator_code"": 2}",36,1951,2011,7,
GENDER,20,Life Expectation at age 60,"{""indicator_code"": 20}",23,2012,2019,8,gender(3)
GENDER,21,Maternal Mortality Ratio,"{""indicator_code"": 21}",21,2004,2021,12,
GENDER,22,Maternity Care Indicators,"{""indicator_code"": 22}",39,2015,2019,2,sub_indicator(4)
GENDER,23,Percentage of Births Attended by Skilled Health Personnel,"{""indicator_code"": 23}",39,2015,2019,2,sub_indicator(2)
GENDER,24,Percentage of currently married women aged 15-49 years who use any modern method of family planning,"{""indicator_code"": 24}",39,2015,2019,2,family_planning_method(7)
GENDER,25,Unmet Need for Family Planning,"{""indicator_code"": 25}",39,2015,2019,2,unmet_need_for_family_planning(2)
GENDER,26,Need for Family Planning Satisfied with Modern Methods(Proportion of Women),"{""indicator_code"": 26}",39,2015,2019,2,demand_for_family_planning(2)
GENDER,27,Current tobacco use (15years or above),"{""indicator_code"": 27}",37,,,,gender(2)
GENDER,28,Proportion of Adults who are Obese (BMI >= 30.0),"{""indicator_code"": 28}",39,2015,2019,2,gender(2)
GENDER,29,Number of new HIV infections per 1000 uninfected population,"{""indicator_code"": 29}",35,2023,2024,2,gender(3)
GENDER,3,Average Annual Growth Rate of Population,"{""indicator_code"": 3}",0,1951,2036,12,gender(3)
GENDER,30,Number of PLHIV alive and on ART at the end of November 2025,"{""indicator_code"": 30}",35,,,,gender(6)
GENDER,31,Cases and Deaths due to Acute Diarrhoeal Diseases,"{""indicator_code"": 31}",38,2021,2022,2,gender(3); sub_indicator(2)
GENDER,4,Percentage Distribution of Projected Population,"{""indicator_code"": 4}",0,2011,2036,6,age_group(17); gender(2)
GENDER,5,Sex ratio in context of developmental planning,"{""indicator_code"": 5}",36,,,,age_group(3)
GENDER,50,Women undergone a screening test for cervical cancer and breast cancer (%),"{""indicator_code"": 50}",37,,,,sector(3); sub_indicator(2)
GENDER,51,Women who have comprehensive knowledge of HIV/AIDS (%),"{""indicator_code"": 51}",39,2015,2019,2,
GENDER,52,Women whose Body Mass Index is below normal and who are overweight or obese,"{""indicator_code"": 52}",37,2015,2019,2,sector(3); sub_indicator(2)
GENDER,53,Ayush Registered Practitioners (Doctors),"{""indicator_code"": 53}",37,,,,ayush_category(7); gender(3)
GENDER,54,Number of Registered Nurses,"{""indicator_code"": 54}",31,,,,sub_indicator(3)
GENDER,55,Literacy Rates for persons aged 7 years and above,"{""indicator_code"": 55}",0,1981,2017,5,gender(3); sector(3)
GENDER,56,Gender Gap in Literacy Rate for persons of age 7 years and above,"{""indicator_code"": 56}",0,2007,2017,3,gender(4); sector(3); sub_indicator(2)
GENDER,57,State/UT wise Gender Gap in Literacy Rate for persons of age 7 years and above,"{""indicator_code"": 57}",23,,,,sector(3)
GENDER,58,Literacy Rate of Youth in the Age Group of 15-24 Years,"{""indicator_code"": 58}",37,2011,2017,2,gender(3)
GENDER,59,Percentage of persons able to read and write short simple statements,"{""indicator_code"": 59}",37,,,,gender(3); sector(3)
GENDER,6,Sex Ratio at birth based on registered events,"{""indicator_code"": 6}",37,2017,2023,7,
GENDER,60,Gross Enrolment Ratio,"{""indicator_code"": 60}",0,2012,2024,13,education_level(5); gender(3)
GENDER,61,Adjusted Net Enrolment Rate,"{""indicator_code"": 61}",0,2016,2024,9,education_level(5); gender(3)
GENDER,62,Gender Parity Index (GPI),"{""indicator_code"": 62}",0,2005,2024,20,education_level(6)
GENDER,63,Gender Parity Index (GPI-As Per NEP Structure),"{""indicator_code"": 63}",37,2022,2024,3,education_level(4)
GENDER,64,Gender Parity Indices (GPI) in Higher Education,"{""indicator_code"": 64}",37,2018,2022,5,
GENDER,65,Enrolment at Under Graduate Level,"{""indicator_code"": 65}",0,,,,discipline(118); gender(3)
GENDER,66,"Enrolment at Ph.D., M.Phil. & Post Graduate Level","{""indicator_code"": 66}",0,,,,discipline(288); education_level(3); gender(3)
GENDER,67,Female per 100 Male Students in important Programmes at Under Graduate & Post Graduate Level - Regular Mode of Education,"{""indicator_code"": 67}",0,2015,2020,6,education_level(16)
GENDER,68,Average years completed in formal education (pre-primary or above),"{""indicator_code"": 68}",0,,,,age_group(2); gender(3); sector(3)
GENDER,69,Mean years of schooling in formal education (including pre-primary level of education),"{""indicator_code"": 69}",0,,,,age_group(2); gender(3); sector(3)
GENDER,7,Sex ratio at birth for bigger States based on Sample Registration System,"{""indicator_code"": 7}",23,2014,2021,8,sector(3)
GENDER,70,Mean years of schooling in formal education (15 years and above),"{""indicator_code"": 70}",37,,,,gender(3); sector(3)
GENDER,71,Mean years of schooling in formal education (25 years and above),"{""indicator_code"": 71}",37,,,,gender(3); sector(3)
GENDER,72,Population(age 25 years & above) with at least secondary as the highest level of education successfully completed,"{""indicator_code"": 72}",37,2020,2025,4,gender(3)
GENDER,73,Examination Result Level-wise Out-turn/Pass out in Higher Education,"{""indicator_code"": 73}",0,2017,2022,6,education_level(9); gender(3)
GENDER,74,Dropout Rate,"{""indicator_code"": 74}",0,2013,2024,12,education_level(3); gender(3)
GENDER,77,Number of Female Teachers per 100 Male Teachers,"{""indicator_code"": 77}",0,2012,2024,13,education_level(4)
GENDER,78,Proportion of females among tertiary education teachers or professors,"{""indicator_code"": 78}",39,2018,2022,5,gender(4); sub_indicator(2)
GENDER,79,Number of Male & Female Teacher,"{""indicator_code"": 79}",37,,,,category(7); gender(3)
GENDER,8,General Fertility Rate,"{""indicator_code"": 8}",0,2019,2023,5,education_level(9); sector(3)
GENDER,80,Labour Force Participation Rate (LFPR) (in percent) in usual status (ps+ss),"{""indicator_code"": 80}",0,2022,2025,4,age_group(3); gender(3); sector(3)
GENDER,81,Labour Force Participation Rate for persons of all ages,"{""indicator_code"": 81}",37,,,,gender(3); sector(3)
GENDER,82,Labour Force Participation Rate for persons aged 15 years & above,"{""indicator_code"": 82}",37,,,,gender(3); sector(3)
GENDER,83,Worker Population Ratio for persons of all ages,"{""indicator_code"": 83}",37,2022,2025,3,gender(2); sector(2)
GENDER,84,Worker Population Ratio for Persons Aged 15 Years & Above,"{""indicator_code"": 84}",37,,,,gender(3); sector(3)
GENDER,85,Worker Population Ratio (WPR) in usual status (ps+ss) for persons of age 15 years and above,"{""indicator_code"": 85}",0,2017,2025,9,gender(3); sector(3)
GENDER,86,Age group wise Worker Population Ratio (WPR),"{""indicator_code"": 86}",0,,,,age_group(4); gender(3); sector(3)
GENDER,87,Average Wage Earning (in Rs.) received per day by Casual Labourers in works other than Public Works,"{""indicator_code"": 87}",37,,,,gender(2); sector(2)
GENDER,88,Average Wage (in Rs.) Per Hour Earned by Occupation Divisions,"{""indicator_code"": 88}",37,,,,gender(2); nco_division(10); sector(2)
GENDER,89,Percentage Distribution of Workers According to Broad Employment Status,"{""indicator_code"": 89}",37,,,,employment_category(3); gender(2); sector(2)
GENDER,9,Age-specific Fertility rate,"{""indicator_code"": 9}",0,2019,2023,5,age_group(7); sector(3)
GENDER,90,Percentage distribution of workers in usual status (ps+ss) by broad status in employment,"{""indicator_code"": 90}",0,,,,employment_category(6); gender(3); sector(3)
GENDER,91,Percentage distribution of workers in usual status (ps+ss) by broad industry division,"{""indicator_code"": 91}",0,2017,2025,9,gender(2); industry(8); sector(2)
GENDER,92,Proportion (in per cent) of worker in usual status (ps+ss) in informal sector,"{""indicator_code"": 92}",37,,,,gender(3); sector(3)
GENDER,93,Year Wise Unemployment rates in the labour force-usual status,"{""indicator_code"": 93}",0,2017,2025,9,gender(2); sector(3)
GENDER,94,Age Wise Unemployment rates in the labour force-usual status,"{""indicator_code"": 94}",0,,,,age_group(4); gender(3); sector(3)
GENDER,95,Unemployment Rate for Persons aged 15 years & above,"{""indicator_code"": 95}",37,,,,gender(3); sector(3)
GENDER,96,Percentage of persons participating in different activities in a day,"{""indicator_code"": 96}",0,,,,activity(9); gender(3); sector(3)
GENDER,97,Percentage of persons of age 6 years and above participating in different activities in a day,"{""indicator_code"": 97}",0,,,,activity(9); gender(3)
GENDER,98,Average time (in minutes) spent in a day in different activities,"{""indicator_code"": 98}",0,,,,activity(9); gender(3); sub_indicator(2)
GENDER,99,Average time (in minutes) spent in a day per participant in different activities (TUS 2019),"{""indicator_code"": 99}",0,,,,activity(9); gender(3); sector(3)
HCES,1,Average monthly per capita consumption expenditure (MPCE),"{""indicator_code"": 1}",37,2022,2023,2,imputation_type(2); sector(2)
HCES,2,Average monthly per capita consumption expenditure (MPCE) Over 12 Fractile Classes,"{""indicator_code"": 2}",37,2022,2023,2,mpce_fractile_classes(13); sector(2)
HCES,3,Monthly Per Capita Consumption Expenditure (MPCE) over Broad Categories in 30 Days,"{""indicator_code"": 3}",37,2022,2023,2,imputation_type(2); item_category(31); sector(2)
HCES,4,Percentage Share of Monthly Per Capita Consumption Expenditure (MPCE) over Broad Categories in 30 Days,"{""indicator_code"": 4}",37,2022,2023,2,imputation_type(2); item_category(31); sector(2)
HCES,5,Average Per Capita Monthly Quantity Consumption,"{""indicator_code"": 5}",37,2022,2023,2,cereal(5); sector(2)
HCES,6,Average Monthly Per Capita Value of Consumption (Rs.),"{""indicator_code"": 6}",37,2022,2023,2,cereal(5); imputation_type(2); sector(2)
HCES,7,Average Monthly Per Capita Consumption Expenditure (MPCE) across different Household Type,"{""indicator_code"": 7}",37,2022,2023,2,employment_of_households(11); imputation_type(2); sector(2)
HCES,8,Average Monthly Per Capita Consumption Expenditure (MPCE) across different Social Group,"{""indicator_code"": 8}",37,2022,2023,2,imputation_type(2); sector(2); social_group(5)
HCES,9,Gini Coefficient for Per Capita Consumption Expenditure,"{""indicator_code"": 9}",37,2022,2023,2,imputation_type(2); sector(2)
IIP,,,"{""base_year"": ""2011-12"", ""frequency"": ""Annually""}",0,2012,2025,14,category(10); subcategory(23); type(3)
IIP,,,"{""base_year"": ""2011-12"", ""frequency"": ""Monthly""}",0,2012,2026,15,category(10); month(12); subcategory(23); type(3)
IIP,,,"{""base_year"": ""2022-23"", ""frequency"": ""Annually""}",0,2023,2025,3,category(11); subcategory(32); type(3)
IIP,,,"{""base_year"": ""2022-23"", ""frequency"": ""Monthly""}",0,2023,2026,4,category(11); month(12); subcategory(32); type(3)
ISP,,,{},0,2025,2026,2,broad_sub_sector(19); frequency(2); month(12)
MNRE,1,Solar Power,"{""indicator_code"": 1}",40,2020,2026,7,category(5); month(12)
MNRE,2,Wind Power,"{""indicator_code"": 2}",40,2020,2026,7,month(12)
MNRE,3,Hydro Power,"{""indicator_code"": 3}",40,2020,2026,7,category(2); month(12)
MNRE,4,Bio Power,"{""indicator_code"": 4}",40,2020,2026,7,category(5); month(12)
MNRE,5,Total Power,"{""indicator_code"": 5}",40,2020,2026,7,month(12)
NAS,1,Gross Value Added,"{""base_year"": ""2011-12"", ""indicator_code"": 1}",0,2011,2025,15,approach(2); industry(15); institutional_sector(7); revision(8); subindustry(4)
NAS,10,Private Final Consumption Expenditure,"{""base_year"": ""2011-12"", ""indicator_code"": 10}",0,2011,2025,15,revision(8)
NAS,11,Government Final Consumption Expenditure,"{""base_year"": ""2011-12"", ""indicator_code"": 11}",0,2011,2025,15,revision(8)
NAS,12,Change in Stock,"{""base_year"": ""2011-12"", ""indicator_code"": 12}",0,2011,2025,15,revision(8)
NAS,13,Valuables,"{""base_year"": ""2011-12"", ""indicator_code"": 13}",0,2011,2025,15,revision(8)
NAS,14,Export of Goods and Services,"{""base_year"": ""2011-12"", ""indicator_code"": 14}",0,2011,2025,15,revision(8)
NAS,15,Import of Goods and Services,"{""base_year"": ""2011-12"", ""indicator_code"": 15}",0,2011,2025,15,revision(8)
NAS,16,Primary Income Receivable Net From Row,"{""base_year"": ""2011-12"", ""indicator_code"": 16}",0,2011,2023,13,revision(5)
NAS,17,Gross National Income,"{""base_year"": ""2011-12"", ""indicator_code"": 17}",0,2011,2025,15,approach(2); revision(8)
NAS,18,Other Current Transfers Net From Row,"{""base_year"": ""2011-12"", ""indicator_code"": 18}",0,2011,2023,13,revision(5)
NAS,19,Gross National Disposable Income,"{""base_year"": ""2011-12"", ""indicator_code"": 19}",0,1999,2025,16,approach(2); revision(8)
NAS,2,Net Taxes on Products,"{""base_year"": ""2011-12"", ""indicator_code"": 2}",0,2011,2025,15,approach(2); revision(8)
NAS,20,Gross Saving,"{""base_year"": ""2011-12"", ""indicator_code"": 20}",0,2011,2023,13,institutional_sector(7); revision(5)
NAS,21,GVA Growth Rate,"{""base_year"": ""2011-12"", ""indicator_code"": 21}",0,2012,2025,14,approach(2); industry(15); revision(8); subindustry(4)
NAS,22,GDP Growth Rate,"{""base_year"": ""2011-12"", ""indicator_code"": 22}",0,2012,2025,14,approach(2); revision(8)
NAS,23,Gross State Domestic Product,"{""base_year"": ""2011-12"", ""indicator_code"": 23}",0,2011,2025,15,
NAS,24,Net State Domestic Product,"{""base_year"": ""2011-12"", ""indicator_code"": 24}",0,2011,2025,15,
NAS,25,Per Capita Net State Domestic Product,"{""base_year"": ""2011-12"", ""indicator_code"": 25}",0,2011,2025,15,
NAS,26,Gross State Domestic Product Growth Rate,"{""base_year"": ""2011-12"", ""indicator_code"": 26}",0,2012,2025,14,
NAS,27,Net State Domestic Product Growth Rate,"{""base_year"": ""2011-12"", ""indicator_code"": 27}",0,2012,2025,14,
NAS,28,Per Capita Net State Domestic Product Growth Rate,"{""base_year"": ""2011-12"", ""indicator_code"": 28}",0,2012,2025,14,
NAS,29,Gross State Value Added,"{""base_year"": ""2011-12"", ""indicator_code"": 29}",0,2011,2025,15,industry(12); subindustry(3)
NAS,3,Taxes on Products,"{""base_year"": ""2011-12"", ""indicator_code"": 3}",0,2011,2023,13,revision(5)
NAS,30,Net State Value Added,"{""base_year"": ""2011-12"", ""indicator_code"": 30}",0,2011,2025,15,industry(12); subindustry(3)
NAS,31,Per Capita Gross State Domestic Product (Rs.),"{""base_year"": ""2011-12"", ""indicator_code"": 31}",0,2011,2025,15,
NAS,33,Taxes on Products,"{""base_year"": ""2011-12"", ""indicator_code"": 33}",0,2011,2025,15,
NAS,34,Subsidies on Products,"{""base_year"": ""2011-12"", ""indicator_code"": 34}",0,2011,2025,15,
NAS,4,Subsidies on Products,"{""base_year"": ""2011-12"", ""indicator_code"": 4}",0,2011,2023,13,revision(5)
NAS,5,Gross Domestic Product,"{""base_year"": ""2011-12"", ""indicator_code"": 5}",0,2011,2025,15,approach(2); revision(8)
NAS,6,Consumption of Fixed Capital,"{""base_year"": ""2011-12"", ""indicator_code"": 6}",0,2011,2023,13,institutional_sector(7); revision(5)
NAS,7,Net Domestic Product,"{""base_year"": ""2011-12"", ""indicator_code"": 7}",0,2011,2025,15,approach(2); revision(8)
NAS,8,Gross Capital Formation by Industry of Use,"{""base_year"": ""2011-12"", ""indicator_code"": 8}",0,2011,2023,13,industry(12); revision(5); subindustry(3)
NAS,9,Gross Fixed Capital Formation,"{""base_year"": ""2011-12"", ""indicator_code"": 9}",0,2011,2025,15,institutional_sector(7); revision(8)
NAS,1,Gross Value Added,"{""base_year"": ""2022-23"", ""indicator_code"": 1}",0,2022,2025,4,industry(15); institutional_sector(7); revision(3); subindustry(4)
NAS,10,Private Final Consumption Expenditure,"{""base_year"": ""2022-23"", ""indicator_code"": 10}",0,2022,2025,4,revision(3)
NAS,11,Government Final Consumption Expenditure,"{""base_year"": ""2022-23"", ""indicator_code"": 11}",0,2022,2025,4,revision(3)
NAS,12,Change in Stock,"{""base_year"": ""2022-23"", ""indicator_code"": 12}",0,2022,2025,4,revision(3)
NAS,13,Valuables,"{""base_year"": ""2022-23"", ""indicator_code"": 13}",0,2022,2025,4,revision(3)
NAS,14,Export of Goods and Services,"{""base_year"": ""2022-23"", ""indicator_code"": 14}",0,2022,2025,4,revision(3)
NAS,15,Import of Goods and Services,"{""base_year"": ""2022-23"", ""indicator_code"": 15}",0,2022,2025,4,revision(3)
NAS,16,Primary Income Receivable Net From Row,"{""base_year"": ""2022-23"", ""indicator_code"": 16}",0,2022,2024,3,revision(2)
NAS,17,Gross National Income,"{""base_year"": ""2022-23"", ""indicator_code"": 17}",0,2022,2025,4,revision(3)
NAS,18,Other Current Transfers Net From Row,"{""base_year"": ""2022-23"", ""indicator_code"": 18}",0,2022,2024,3,revision(2)
NAS,19,Gross National Disposable Income,"{""base_year"": ""2022-23"", ""indicator_code"": 19}",0,2022,2025,4,revision(3)
NAS,2,Net Taxes on Products,"{""base_year"": ""2022-23"", ""indicator_code"": 2}",0,2022,2025,4,revision(3)
NAS,20,Gross Saving,"{""base_year"": ""2022-23"", ""indicator_code"": 20}",0,2022,2024,3,institutional_sector(7); revision(2)
NAS,21,GVA Growth Rate,"{""base_year"": ""2022-23"", ""indicator_code"": 21}",0,2023,2025,3,industry(15); revision(3); subindustry(4)
NAS,22,GDP Growth Rate,"{""base_year"": ""2022-23"", ""indicator_code"": 22}",0,2023,2025,3,revision(3)
NAS,23,Gross State Domestic Product,"{""base_year"": ""2022-23"", ""indicator_code"": 23}",0,,,,
NAS,24,Net State Domestic Product,"{""base_year"": ""2022-23"", ""indicator_code"": 24}",0,,,,
NAS,25,Per Capita Net State Domestic Product,"{""base_year"": ""2022-23"", ""indicator_code"": 25}",0,,,,
NAS,26,Gross State Domestic Product Growth Rate,"{""base_year"": ""2022-23"", ""indicator_code"": 26}",0,,,,
NAS,27,Net State Domestic Product Growth Rate,"{""base_year"": ""2022-23"", ""indicator_code"": 27}",0,,,,
NAS,28,Per Capita Net State Domestic Product Growth Rate,"{""base_year"": ""2022-23"", ""indicator_code"": 28}",0,,,,
NAS,29,Gross State Value Added,"{""base_year"": ""2022-23"", ""indicator_code"": 29}",0,,,,
NAS,3,Taxes on Products,"{""base_year"": ""2022-23"", ""indicator_code"": 3}",0,2022,2024,3,revision(2)
NAS,30,Net State Value Added,"{""base_year"": ""2022-23"", ""indicator_code"": 30}",0,,,,
NAS,31,Per Capita Gross State Domestic Product (Rs.),"{""base_year"": ""2022-23"", ""indicator_code"": 31}",0,,,,
NAS,33,Taxes on Products,"{""base_year"": ""2022-23"", ""indicator_code"": 33}",0,,,,
NAS,34,Subsidies on Products,"{""base_year"": ""2022-23"", ""indicator_code"": 34}",0,,,,
NAS,4,Subsidies on Products,"{""base_year"": ""2022-23"", ""indicator_code"": 4}",0,2022,2024,3,revision(2)
NAS,5,Gross Domestic Product,"{""base_year"": ""2022-23"", ""indicator_code"": 5}",0,2022,2025,4,revision(3)
NAS,6,Consumption of Fixed Capital,"{""base_year"": ""2022-23"", ""indicator_code"": 6}",0,2022,2024,3,institutional_sector(7); revision(2)
NAS,7,Net Domestic Product,"{""base_year"": ""2022-23"", ""indicator_code"": 7}",0,2022,2025,4,revision(3)
NAS,8,Gross Capital Formation by Industry of Use,"{""base_year"": ""2022-23"", ""indicator_code"": 8}",0,2022,2024,3,industry(12); revision(2); subindustry(3)
NAS,9,Gross Fixed Capital Formation,"{""base_year"": ""2022-23"", ""indicator_code"": 9}",0,2022,2025,4,institutional_sector(7); revision(3)
NFHS,1,Population and Household Profile,"{""indicator_code"": 1}",39,,,,sector(3); sub_indicator(13); survey(2)
NFHS,10,Child Vaccinations and Vitamin A Supplementation,"{""indicator_code"": 10}",39,,,,sector(3); sub_indicator(13); survey(2)
NFHS,11,Treatment of Childhood Diseases (children under age 5 years),"{""indicator_code"": 11}",39,,,,sector(3); sub_indicator(6); survey(2)
NFHS,12,Child Feeding Practices and Nutritional Status of Children,"{""indicator_code"": 12}",39,,,,sector(3); sub_indicator(11); survey(2)
NFHS,13,Nutritional Status of Adults (age 15-49 years),"{""indicator_code"": 13}",39,,,,sector(3); sub_indicator(6); survey(2)
NFHS,14,Anaemia among Children and Adults,"{""indicator_code"": 14}",39,,,,sector(3); sub_indicator(7); survey(2)
NFHS,15,Blood Sugar Level among Adults (age 15 years and above),"{""indicator_code"": 15}",39,,,,sector(3); sub_indicator(6); survey(2)
NFHS,16,Hypertension among Adults (age 15 years and above),"{""indicator_code"": 16}",39,,,,sector(3); sub_indicator(6); survey(2)
NFHS,17,Screening for Cancer among Adults (age 30-49 years),"{""indicator_code"": 17}",39,,,,sector(3); sub_indicator(4); survey(2)
NFHS,18,Knowledge of HIV/AIDS among Adults (age 15-49 years),"{""indicator_code"": 18}",39,,,,sector(3); sub_indicator(4); survey(2)
NFHS,19,Women's Empowerment (women age 15-49 years),"{""indicator_code"": 19}",39,,,,sector(3); sub_indicator(6); survey(2)
NFHS,2,Characteristics of Adults (age 15-49 years),"{""indicator_code"": 2}",39,,,,sector(3); sub_indicator(6); survey(2)
NFHS,20,Gender Based Violence (age 18-49 years),"{""indicator_code"": 20}",39,,,,sector(3); sub_indicator(3); survey(2)
NFHS,21,Tobacco Use and Alcohol Consumption among Adults (age 15 years and above),"{""indicator_code"": 21}",39,,,,sector(3); sub_indicator(6); survey(2)
NFHS,3,Marriage and Fertility,"{""indicator_code"": 3}",39,,,,sector(3); sub_indicator(5); survey(2)
NFHS,4,"Infant and Child Mortality Rates (per 1,000 live births)","{""indicator_code"": 4}",39,,,,sector(3); sub_indicator(3); survey(2)
NFHS,5,Current Use of Family Planning Methods (currently married women age 15–49 years),"{""indicator_code"": 5}",39,,,,sector(3); sub_indicator(8); survey(2)
NFHS,6,Unmet Need for Family Planning (currently married women age 15–49 years),"{""indicator_code"": 6}",39,,,,sector(3); sub_indicator(2); survey(2)
NFHS,7,Quality of Family Planning Services,"{""indicator_code"": 7}",39,,,,sector(3); sub_indicator(2); survey(2)
NFHS,8,Maternity Care (for last birth in the 5 years before the survey),"{""indicator_code"": 8}",39,,,,sector(3); sub_indicator(12); survey(2)
NFHS,9,Delivery Care (for births in the 5 years before the survey),"{""indicator_code"": 9}",39,,,,sector(3); sub_indicator(7); survey(2)
NSS73,1,Number of Enterprises,"{""indicator_code"": 1}",37,,,,activity_category(48); broad_activity_category(4); enterprise_type(3); sector(3)
NSS73,2,Type of Ownership,"{""indicator_code"": 2}",37,,,,broad_activity_category(4); enterprise_type(3); enterprises_by_ownership(10); sector(3)
NSS73,3,Workers,"{""indicator_code"": 3}",37,,,,activity_category(50); broad_activity_category(4); enterprise_type(3); gender(3); nature_of_employment_type(3); sector(3); worker_codes(6)
NSS73,4,Emolument (in Rs.) per hired worker,"{""indicator_code"": 4}",37,,,,activity_category(50); broad_activity_category(4); enterprise_type(3); hired_workers(3); sector(3); sub_indicator(2)
NSS73,5,Gross Value Added (in Rs.) per Worker,"{""indicator_code"": 5}",37,,,,activity_category(50); broad_activity_category(4); enterprise_type(3); normal_working_hours_in_a_day(5); sector(3)
NSS73,6,Gross Value Added (in Rs.) per Enterprise,"{""indicator_code"": 6}",37,,,,activity_category(50); broad_activity_category(4); enterprise_type(3); sector(3)
NSS75E,43,Literacy rate (in per cent) among persons of age 7 years and above for different States,"{""indicator_code"": 43, ""survey_code"": 2}",23,,,,gender(3); sector(3)
NSS75E,44,Percentage distribution of persons of age 15 years and above by highest level of education successfully completed for different States,"{""indicator_code"": 44, ""survey_code"": 2}",23,,,,gender(3); highest_level_of_education_successfully_completed(7); sector(3)
NSS75E,45,Average number of years completed in formal education among persons of age 15 years and above for different States,"{""indicator_code"": 45, ""survey_code"": 2}",23,,,,gender(3); sector(3)
NSS75E,46,Average number of years completed in formal education among persons of age 25 years and above for different States,"{""indicator_code"": 46, ""survey_code"": 2}",23,,,,gender(3); sector(3)
NSS75E,47,Percentage distribution of students (persons of age 3 to 35 years currently attending education) by level of current attendance for different States,"{""indicator_code"": 47, ""survey_code"": 2}",23,,,,gender(3); level_of_current_attendance(8); sector(3)
NSS75E,48,Gross Attendance Ratio (GAR) at different levels of education for different States,"{""indicator_code"": 48, ""survey_code"": 2}",23,,,,gender(3); level_of_education(6); sector(3)
NSS75E,49,Net Attendance Ratio (NAR) at different levels of education for different States,"{""indicator_code"": 49, ""survey_code"": 2}",23,,,,gender(3); level_of_education(6); sector(3)
NSS75E,50,Percentage distribution of students by type of course pursuing (general course and technical/ professional course) for different States,"{""indicator_code"": 50, ""survey_code"": 2}",23,,,,gender(3); sector(3); type_of_course(3)
NSS75E,51,Average expenditure (Rs.) per student in basic course in the current academic year by type of course pursuing (general course and technical/ professional course) for different States,"{""indicator_code"": 51, ""survey_code"": 2}",23,,,,gender(3); sector(3); type_of_course(3)
NSS75E,52,Average expenditure (Rs.) on basic course per student during current academic year pursuing general course by items of expenditure for different States.,"{""indicator_code"": 52, ""survey_code"": 2}",23,,,,gender(3); item_of_expenditure(6); sector(3)
NSS75E,53,Average expenditure (Rs.) on basic course per student during current academic year pursuing technical/professional course by items of expenditure for different States,"{""indicator_code"": 53, ""survey_code"": 2}",23,,,,gender(3); item_of_expenditure(6); sector(3)
NSS75E,54,Average expenditure (Rs.) on basic course per student during current academic year any course by items of expenditure for different States,"{""indicator_code"": 54, ""survey_code"": 2}",23,,,,gender(3); item_of_expenditure(6); sector(3)
NSS75E,55,Percentage of households with computer and internet facility for different States,"{""indicator_code"": 55, ""survey_code"": 2}",23,,,,facility(2); sector(3)
NSS76,10,Percentage of persons with hearing disability who were advised aid/appliances and acquired aid/appliances,"{""indicator_code"": 10, ""survey_code"": 1}",37,,,,gender(3); sector(3)
NSS76,11,Percentage distribution of persons with disability by arrangement of regular care giver,"{""indicator_code"": 11, ""survey_code"": 1}",37,,,,arrangement_of_caregiver(4); gender(3); sector(3)
NSS76,12,"Percentage of persons with disability who used/ accessed public transport during last 365 days, accessed public building during last 365 days and problems faced in accessing/using publictransport/public building","{""indicator_code"": 12, ""survey_code"": 1}",37,,,,gender(3); sector(3); use_of_public_transport(4)
NSS76,13,Percentage distribution of persons with disability by receipt of aid/help,"{""indicator_code"": 13, ""survey_code"": 1}",37,,,,gender(3); sector(3); status_of_receipt_of_aid_help(4)
NSS76,14,"Percentage distribution of households not getting sufficient drinking water from the principal source by number of calendar months not getting sufficient drinking water, separately for households with different principal sources of drinking water","{""indicator_code"": 14, ""survey_code"": 2}",39,,,,month(13); principal_source_of_drinking_water(18); sector(3); sub_indicator(2)
NSS76,15,Percentage distribution of households by supplementary sources of drinking water for different principal sources of drinking water,"{""indicator_code"": 15, ""survey_code"": 2}",39,,,,principal_source_of_drinking_water(18); sector(3); supplementary_source_of_drinking_water(19)
NSS76,16,Percentage of households having improved source of drinking water,"{""indicator_code"": 16, ""survey_code"": 2}",39,,,,households_percentage(6); quintile_class(6); sector(3)
NSS76,18,Percentage of households which covered the main container used for storing drinking water,"{""indicator_code"": 18, ""survey_code"": 2}",39,,,,material_category_type(9); number_of_days(4); sector(3); sub_indicator(2)
NSS76,19,Percentage distribution of households by method of treatment of drinking water for different principal sources of drinking water,"{""indicator_code"": 19, ""survey_code"": 2}",39,,,,method_of_treatment_of_water(9); principal_source_of_drinking_water(18); sector(3)
NSS76,1,Percentage of persons with disability,"{""indicator_code"": 1, ""survey_code"": 1}",37,,,,gender(3); sector(3)
NSS76,20,Percentage of persons regularly used improved latrine,"{""indicator_code"": 20, ""survey_code"": 2}",39,,,,gender(3); quintile_class(11); sector(3); sub_indicator(3); types_of_latrine_uses(6)
NSS76,21,Percentage of households having bathroom and latrine within the household premises,"{""indicator_code"": 21, ""survey_code"": 2}",39,,,,agency_emptied(7); quintile_class(6); sector(3); sub_indicator(3)
NSS76,22,Average plinth level of the house (0.00 mtr.)  for households living in houses,"{""indicator_code"": 22, ""survey_code"": 2}",39,,,,distribution_by_experience_of_flood(5); distribution_by_plinth_level(7); sector(3); sub_indicator(3); type_of_structure(6)
NSS76,23,Average floor area (0.00 sq. mtr.) of the dwelling unit for households living in houses,"{""indicator_code"": 23, ""survey_code"": 2}",39,,,,quintile_class(11); sector(3); type_of_structure(6)
NSS76,24,Average number of living rooms of the households living in houses,"{""indicator_code"": 24, ""survey_code"": 2}",39,,,,dwelling_units(7); sector(3); sub_indicator(6); tenurial_status(4); type_of_structure(4)
NSS76,25,Percentage of households (living in a house) having separate kitchen with tap,"{""indicator_code"": 25, ""survey_code"": 2}",39,,,,percentage_houses_number_floors_house(6); percentage_houses_separate_kitchen(3); sector(3); sub_indicator(2); type_of_structure(6)
NSS76,26,Percentage distribution of households living in a house with direct opening to approach road / lane /constructed path,"{""indicator_code"": 26, ""survey_code"": 2}",39,,,,sector(3); type_of_approach_road(5); type_of_structure(6)
NSS76,2,Percentage of persons with broad type of disability,"{""indicator_code"": 2, ""survey_code"": 1}",37,,,,disability_type(8); gender(3); sector(3)
NSS76,3,Literacy rate (in per cent) of persons of age 7 years and above with disability,"{""indicator_code"": 3, ""survey_code"": 1}",37,,,,gender(3); sector(3)
NSS76,4,Percentage of persons of age 15 years and above with disability having highest level of completed education secondary and above,"{""indicator_code"": 4, ""survey_code"": 1}",37,,,,gender(3); sector(3)
NSS76,5,Percentage of persons with disability having disability since birth,"{""indicator_code"": 5, ""survey_code"": 1}",37,,,,gender(3); sector(3)
NSS76,6,Percentage of persons with disability having disability not since birth,"{""indicator_code"": 6, ""survey_code"": 1}",37,,,,gender(3); sector(3)
NSS76,7,Percentage of persons with disability by status of treatment taken for different broad type of disability,"{""indicator_code"": 7, ""survey_code"": 1}",37,,,,gender(3); sector(3); treatment_taken(10)
NSS76,8,Percentage of persons with locomotor disability who were advised aid/appliances and acquired aid/appliances,"{""indicator_code"": 8, ""survey_code"": 1}",37,,,,gender(3); sector(3)
NSS76,9,Percentage of persons with visual disability who were advised aid/appliances and acquired aid/appliances,"{""indicator_code"": 9, ""survey_code"": 1}",37,,,,gender(3); sector(3)
NSS77,10,Per 1000 number of households reporting assets of specified categories and cash loan outstanding as on 30.6.18 by occupational category of the households,"{""indicator_code"": 10, ""module"": ""aidis"", ""survey_code"": 1}",37,,,,asset_holding_class(11); occupational_category(6); sector(2); sub_indicator(10)
NSS77,11,Average value of assets by asset category and average value of cash loan outstanding by occupational category of the households,"{""indicator_code"": 11, ""module"": ""aidis"", ""survey_code"": 1}",37,,,,asset_holding_class(11); occupational_category(6); sector(2); sub_indicator(10)
NSS77,12,Per 1000 number of households reported having bullion and ornaments and average amount of bullion and ornaments per household,"{""indicator_code"": 12, ""module"": ""aidis"", ""survey_code"": 1}",37,,,,occupational_category(6); sector(2); sub_indicator(2)
NSS77,16,Number of households reporting fixed capital expenditure and expenditure on purchase of land and fixed capital formation by occupational category and household asset holding class,"{""indicator_code"": 16, ""module"": ""aidis"", ""survey_code"": 1}",37,,,,asset_holding_class(11); occupational_category(6); sector(2); sub_indicator(2)
NSS77,16,Estimated No. of Hhs for Each Size Class (ha.) of Land Possessed,"{""indicator_code"": 16, ""module"": ""land_livestock""}",31,,,,agricultural_household(3); land_possessed_hosehold(8); visit(2)
NSS77,17,Number of households reporting fixed capital expenditure and expenditure on purchase of land and fixed capital formation by household type,"{""indicator_code"": 17, ""module"": ""aidis"", ""survey_code"": 1}",37,,,,household_type(12); sector(2); sub_indicator(5)
NSS77,17,Estimated No. of Hhs for Different Social Groups,"{""indicator_code"": 17, ""module"": ""land_livestock""}",31,,,,agricultural_household(3); caste(5); visit(2)
NSS77,18,Number of households reporting fixed capital expenditure and expenditure on purchase of land and fixed capital formation by household asset holding class,"{""indicator_code"": 18, ""module"": ""aidis"", ""survey_code"": 1}",37,,,,asset_holding_class(11); sector(2); sub_indicator(5)
NSS77,18,Distribution of Hhs by Hh Classification for Different Size Classes of Land Possessed,"{""indicator_code"": 18, ""module"": ""land_livestock""}",31,,,,agricultural_household(3); caste(5); household_employment(6); household_employment_sub(6); land_possessed_hosehold(8)
NSS77,19,Per 1000 number of households reporting fixed capital expenditure on broad item categories and average value of expenditure by broad item categories,"{""indicator_code"": 19, ""module"": ""aidis"", ""survey_code"": 1}",37,,,,occupational_category(6); sector(2); sub_indicator(8)
NSS77,19,No. Per Hh Operational Holding by Size Class of Hh Operational Holding,"{""indicator_code"": 19, ""module"": ""land_livestock""}",31,,,,agricultural_household(3); caste(5); operational_holding(15); season(2); sub_indicator(12)
NSS77,21,No. Per 1000 Crop Producing Agricultural Hhs Disposals of Crop by Agency and Satisfaction Level of Sale Outcomes,"{""indicator_code"": 21, ""module"": ""land_livestock""}",31,,,,agency(9); major_disposal(2); satisfactory(3); season(2); sub_satisfactory(5); visit(2)
NSS77,22,Agricultural Hhs Reporting Use of Different Farming Resources,"{""indicator_code"": 22, ""module"": ""land_livestock""}",31,,,,major_procurement(2); resource(8); season(2); sub_major_procurement(11); sub_resource(13); visit(2)
NSS77,23,Agricultural Hhs Reporting Use of Purchased Seed by their Quality,"{""indicator_code"": 23, ""module"": ""land_livestock""}",31,,,,agency_procurement(9); season(2); sub_seed_procurements(6); visit(2)
NSS77,24,Proportion per 1000 of household reporting borrowing and average amount of borrowing per household for capital expenditure by major head of borrowing,"{""indicator_code"": 24, ""module"": ""aidis"", ""survey_code"": 1}",37,,,,credit_agency(2); sector(2); sub_indicator(8)
NSS77,24,Avg. Monthly Income (in Rs.) Per Agricultural Hh (only the Paid Out Expenditure),"{""indicator_code"": 24, ""module"": ""land_livestock""}",31,,,,caste(5); land_possessed_hosehold(8); season(3); sub_indicator(7)
NSS77,25,Avg. Monthly Income (in Rs.) Per Agricultural Hh (both the Paid Out and Imputed Expenditure),"{""indicator_code"": 25, ""module"": ""land_livestock""}",31,,,,caste(5); land_possessed_hosehold(8); season(3); sub_indicator(7)
NSS77,26,Number of households reporting cash loans outstanding and per Rs.1000 break-up of outstanding amount of cash loans by occupational category of the households,"{""indicator_code"": 26, ""module"": ""aidis"", ""survey_code"": 1}",37,,,,nature_of_interest(4); rate_of_interest(11); sector(2); sub_indicator(6)
NSS77,26,Avg. Monthly Net Expenditure on Productive Assets,"{""indicator_code"": 26, ""module"": ""land_livestock""}",31,,,,land_possessed_hosehold(8); season(3)
NSS77,27,Avg. Expenditure and Receipts on Farm and Non-farm Assets,"{""indicator_code"": 27, ""module"": ""land_livestock""}",31,,,,business_type(3); expenditure_recipt(2); land_possessed_hosehold(8); productive_assets(4); season(3)
NSS77,28,Avg. Monthly Expenses and Receipts for Crop Production,"{""indicator_code"": 28, ""module"": ""land_livestock""}",31,,,,crop_production(17); expenses_recipt(3); land_possessed_hosehold(8); season(3)
NSS77,29,Number of households reporting cash loans outstanding as on 30.06.18 per thousand households and per Rs.1000 break-up of amount of cash loans outstanding by credit agency,"{""indicator_code"": 29, ""module"": ""aidis"", ""survey_code"": 1}",37,,,,credit_agency(23); sector(2); sub_indicator(6)
NSS77,29,Avg. Monthly Total Expenses for Crop Production,"{""indicator_code"": 29, ""module"": ""land_livestock""}",31,,,,crop_production(13); land_possessed_hosehold(8); season(3)
NSS77,2,Average value of assets and amount of cash loan per household by occupational category of the households,"{""indicator_code"": 2, ""module"": ""aidis"", ""survey_code"": 1}",37,,,,asset_holding_class(11); occupational_category(6); sector(2); sub_indicator(2)
NSS77,30,Number of households reporting cash loans outstanding as on 30.06.18 by credit agency and rate of interest,"{""indicator_code"": 30, ""module"": ""aidis"", ""survey_code"": 1}",37,,,,credit_agency(23); sector(2); sub_indicator(10)
NSS77,31,Average Monthly Total Expenses and Receipts on Animal Farming During a Period of 30 Days,"{""indicator_code"": 31, ""module"": ""land_livestock""}",31,,,,expenses_imputed(6); land_possessed_hosehold(8); season(3)
NSS77,32,Number of households reporting cash loans outstanding as on 30.06.18 by household asset holding class and credit agency,"{""indicator_code"": 32, ""module"": ""aidis"", ""survey_code"": 1}",37,,,,asset_holding_class(11); credit_agency(23); sector(2); sub_indicator(1)
NSS77,32,Average Expenses and Receipts From Non-farm Business,"{""indicator_code"": 32, ""module"": ""land_livestock""}",31,,,,land_possessed_hosehold(8); receipts_type(4); season(3)
NSS77,33,Distribution of Amount of Loan Outstanding by Source of Loan Taken,"{""indicator_code"": 33, ""module"": ""land_livestock""}",31,,,,land_possessed_hosehold(8); loan_outstanding(23)
NSS77,34,No. of hhs reporting cash loans outstanding as on 30.06.18 per thousand households and per Rs.1000 break-up of amt. of cash loans including interest outstanding by purpose of loan and credit agency,"{""indicator_code"": 34, ""module"": ""aidis"", ""survey_code"": 1}",37,,,,credit_agency(3); purpose_of_loan(15); sector(2); sub_indicator(6)
NSS77,34,"Distribution of Hhs by Size Class of Hh Ownership Holding, Average Area of Homestead Land Owned/land Owned (excluding Homestead Land)/area Owned and Estimated Area of Hh Ownership Holding","{""indicator_code"": 34, ""module"": ""land_livestock""}",31,,,,agricultural_household(3); caste(5); ownership_holding(15); ownership_holding_area(5); season(3)
NSS77,35,Distribution of Hhs Reporting Leasing-out of Land and Average Area of such Land for Each Social Group,"{""indicator_code"": 35, ""module"": ""land_livestock""}",31,,,,caste(5); ownership_holding(15); season(3); sub_indicator(2)
NSS77,36,Number of households reporting cash loans outstanding as on 30.06.2018 by tenure of loan,"{""indicator_code"": 36, ""module"": ""aidis"", ""survey_code"": 1}",37,,,,asset_holding_class(11); credit_agency(3); loan_tenure(4); sector(2); sub_indicator(1)
NSS77,36,Distribution of Hhs Reporting Leasing-in of Land and Average Area of such Land for Each Social Group,"{""indicator_code"": 36, ""module"": ""land_livestock""}",31,,,,caste(5); ownership_holding(15); season(3); sub_indicator(2)
NSS77,37,Percentage Distribution of Leased Out Land by Terms of Lease,"{""indicator_code"": 37, ""module"": ""land_livestock""}",31,,,,ownership_holding(15); season(2); terms_lease(8)
NSS77,38,Number of households per 1000 reporting cash loans outstanding as on 30.06.18 by size class of cash loan outstanding,"{""indicator_code"": 38, ""module"": ""aidis"", ""survey_code"": 1}",37,,,,asset_holding_class(11); sector(2); size_class(11); sub_indicator(1)
NSS77,39,No. of Hhs Owning of Livestock of Different Types,"{""indicator_code"": 39, ""module"": ""land_livestock""}",31,,,,caste(5); gender(3); livestock_owned(5); ownership_holding(16); stock(2)
NSS77,3,Average value of assets and amount of cash loan per household by household type,"{""indicator_code"": 3, ""module"": ""aidis"", ""survey_code"": 1}",37,,,,gender(3); household_type(12); sector(2); sub_indicator(4)
NSS77,40,Percentage Distribution of Area of Land for the Hhs Belonging of Operational Holding by Kind of Possession,"{""indicator_code"": 40, ""module"": ""land_livestock""}",31,,,,ownership_holding(15); possession(6)
NSS77,41,Distribution of Operational Holdings by Type of Possession of Hh Operational Holding,"{""indicator_code"": 41, ""module"": ""land_livestock""}",31,,,,ownership_holding(15); possession_holding(5); season(3)
NSS77,42,Average Gross Cropped Area / Value of Total Crop Production / Quantity of Crop Production Reporting Crop Production,"{""indicator_code"": 42, ""module"": ""land_livestock""}",31,,,,crop(22); harvested(3); season(2); sub_harvested(6); sub_indicator(3); visit(2)
NSS77,43,Distribution of Agricultural Hhs Reporting Sale of Crops and Distribution of Quantity Sold by Agency of Major Disposal,"{""indicator_code"": 43, ""module"": ""land_livestock""}",31,,,,crop(21); crop_agency(10); season(2); sub_indicator(3); visit(2)
NSS77,44,Distribution of Agricultural Hhs Reporting Sale of Selected Crop by Level of Satisfaction,"{""indicator_code"": 44, ""module"": ""land_livestock""}",31,,,,crop(21); crop_satisfaction(7); season(2); sub_indicator(2); visit(2)
NSS77,45,Distribution of Agricultural Hhs Reporting Use of Seed by their Agency of Procurement for Selected Crops,"{""indicator_code"": 45, ""module"": ""land_livestock""}",31,,,,crop(21); crop_procurement(11); season(2); visit(2)
NSS77,46,Distribution of Agricultural Hhs Reporting Use of Purchased Seed by their Quality,"{""indicator_code"": 46, ""module"": ""land_livestock""}",31,,,,crop(21); quality_seeds(6); season(2); visit(2)
NSS77,47,Per 1000 Distribution of Agricultural Households Reporting Sale of Crops by Awareness About Msp for Selected Crops,"{""indicator_code"": 47, ""module"": ""land_livestock""}",31,,,,crop(19); insurance_awareness(13); season(2); sub_indicator(4); visit(2)
NSS77,48,Distribution of Agricultural Hhs not Insuring their Crops by Reason for Selected Crops,"{""indicator_code"": 48, ""module"": ""land_livestock""}",31,,,,crop(21); insurance_awareness(13); season(2); sub_indicator(2); visit(2)
NSS77,49,Distribution of Agricultural Hh by Status of Crop Insurance for Selected Crops,"{""indicator_code"": 49, ""module"": ""land_livestock""}",31,,,,crop(21); crop_insurance(4); season(2); sub_indicator(2); visit(2)
NSS77,4,Average value of assets and amount of cash loan per household by household asset holding class,"{""indicator_code"": 4, ""module"": ""aidis"", ""survey_code"": 1}",37,,,,asset_holding_class(11); gender(3); sector(2); sub_indicator(4)
NSS77,50,No. Per 1000 of Agricultural Hh Crop Loss Per 1000 Agricultural Hhs and Cause-wise Distribution for Selected Crops,"{""indicator_code"": 50, ""module"": ""land_livestock""}",31,,,,crop(21); crop_loss(6); season(2); sub_indicator(2); visit(2)
NSS77,51,No. Per 1000 Agricultural Hh Which Insured Experienced Crop Loss for Selected Crops,"{""indicator_code"": 51, ""module"": ""land_livestock""}",31,,,,crop(21); crop_experienced(7); season(2); sub_indicator(2); visit(2)
NSS77,5,Average value of assets and amount of cash loan per household by Quintile class of household expenditure,"{""indicator_code"": 5, ""module"": ""aidis"", ""survey_code"": 1}",37,,,,occupational_category(6); quintile_class(6); sector(2); sub_indicator(4)
NSS77,6,Average value of assets and amount of cash loan per household by social group,"{""indicator_code"": 6, ""module"": ""aidis"", ""survey_code"": 1}",37,,,,sector(2); social_group(5); sub_indicator(4)
NSS77,8,"Per 1000 number of households reporting fixed asset, financial asset and valuables and cash loan outstanding by occupational category of the households","{""indicator_code"": 8, ""module"": ""aidis"", ""survey_code"": 1}",37,,,,asset_quintile_class(17); occupational_category(6); sector(2); sub_indicator(4)
NSS77,9,"Average value of fixed assets, financial assets by occupational category of the households","{""indicator_code"": 9, ""module"": ""aidis"", ""survey_code"": 1}",37,,,,asset_quintile_class(17); occupational_category(6); sector(2); sub_indicator(4)
NSS78,10,Percentage Distribution of Different Sources of Finance From Which Maximum Amount was Financed by the Household for New House/flat,"{""indicator_code"": 10}",0,,,,
NSS78,11,Percentage of Persons* Whose Current Place of Residence is Different From the Last Usual Place of Residence,"{""indicator_code"": 11}",0,,,,
NSS78,12,Percentage Distribution of Persons by Main Reason for Leaving Last Usual Place of Residence,"{""indicator_code"": 12}",0,,,,
NSS78,13,Percentage Distribution of Persons Reporting as Earner in the Last Usual Place of Residence by Change in Income Due to Migration,"{""indicator_code"": 13}",0,,,,
NSS78,14,Percentage of Persons Willing to Move Out From the Present Place of Residence and Percentage Distribution of such Persons by Main Reason# for Leaving Present Place of Residence,"{""indicator_code"": 14}",0,,,,
NSS78,15,Percentage of Households Reporting Possession of Air Conditioner and Air Cooler,"{""indicator_code"": 15}",0,,,,
NSS78,2,Percentage of Persons Reported to Have Access to Piped Water into Dwelling or Yard/plot and Reported to Have Access to Improved Source of Drinking Water,"{""indicator_code"": 2}",0,,,,
NSS78,3,"Percentage of Persons Reported Access to Drinking Water, Exclusive Access to Drinking Water, Access to Improved Source of Drinking Water and Sufficiency of Drinking Water","{""indicator_code"": 3}",0,,,,
NSS78,4,"Percentage of Persons Reported Access to Improved Latrine and Exclusive Access to Improved Latrine for Each State, Among Persons Reported to Have Access to Latrine","{""indicator_code"": 4}",0,,,,
NSS78,5,Percentage Distribution of Persons by Availability of Hand Washing Facility Within the Premises,"{""indicator_code"": 5}",0,,,,
NSS78,6,Percentage of Persons Who Used Mobile Telephone with Active Sim Card at Least Once During Last Three Months Preceding the Date of the Survey,"{""indicator_code"": 6}",0,,,,
NSS78,7,"Percentage of Households Reported Access to Broadband Within the Premises and Mass Media (any of Internet, Newspaper, Magazine, Radio, Television Etc)","{""indicator_code"": 7}",0,,,,
NSS78,8,Percentage Distribution of Households by the Availabilty of Basic Transport and Public Facility,"{""indicator_code"": 8}",0,,,,
NSS78,9,"Percentage of Households Which Have Purchased/ Constructed New House/flat for Residential Purpose After 31.03.2014, Purchased for the First Time and Owned that House/flat as on Date of Survey","{""indicator_code"": 9}",0,,,,
NSS79,1,Percentage of persons able to read and write short simple statements in their everyday life with understanding,"{""indicator_code"": 1}",37,,,,age_group(3); gender(3); sector(3)
NSS79,10,Average medical expenditure (Rs.) on hospitalised treatment (including institutional delivery) during the last 365 days,"{""indicator_code"": 10}",37,,,,sector(2); sub_indicator(2)
NSS79,11,Average medical expenditure (Rs.) on non-hospitalised treatment during the last 30 days,"{""indicator_code"": 11}",37,,,,sector(2); sub_indicator(2)
NSS79,12,Average out-of-pocket medical expenditure (OOPME) for treatment on hospitalisation (including institutional delivery) during last 365 days,"{""indicator_code"": 12}",37,,,,sector(2); sub_indicator(2)
NSS79,13,Average out-of-pocket medical expenditure (OOPME) for treatment non- hospitalisation during last 30 days,"{""indicator_code"": 13}",37,,,,sector(2); sub_indicator(2)
NSS79,14,Percentage of persons who have an account individually or jointly in any bank/ other financial institution/mobile money service provider (age 18 years & above),"{""indicator_code"": 14}",37,,,,gender(3); sector(3)
NSS79,15,"Number of borrowers per 1,00,000 persons (age 18 years & above)","{""indicator_code"": 15}",37,,,,gender(3); sector(3)
NSS79,16,Percentage of persons able to use mobile (including smartphone),"{""indicator_code"": 16}",37,,,,age_group(3); gender(3); sector(3)
NSS79,17,Percentage of persons who used mobile telephone during the last 3 months preceding the date of survey,"{""indicator_code"": 17}",37,,,,age_group(2); gender(3); sector(3)
NSS79,18,Percentage of persons able to use internet,"{""indicator_code"": 18}",37,,,,age_group(3); gender(3); sector(3)
NSS79,19,Percentage of persons who used internet during the last 3 months preceding the date of survey,"{""indicator_code"": 19}",37,,,,age_group(3); gender(3); sector(3)
NSS79,2,Percentage of persons able to read and write short simple statements in their everyday life with understanding and also able to perform simple arithmetic calculations,"{""indicator_code"": 2}",37,,,,age_group(3); gender(3); sector(3)
NSS79,20,Percentage of population covered by 4G or above mobile technology,"{""indicator_code"": 20}",37,,,,sector(3)
NSS79,21,"Percentage of persons who send messages (e.g., e-mail, messaging service, SMS) with attached files (e.g., documents, pictures, video) using mobile or computer-like devices during last three months preceding the date of survey","{""indicator_code"": 21}",37,,,,age_group(3); gender(3); sector(3)
NSS79,22,"Percentage of persons who performed copy and paste tools to duplicate or move data, information, documents, etc using mobile or computer-like devices during last three months preceding the date of survey","{""indicator_code"": 22}",37,,,,age_group(3); gender(3); sector(3)
NSS79,23,Percentage of persons who can search internet for information and percentage of persons who can send or receive emails and percentage of persons who can perform online banking transactions,"{""indicator_code"": 23}",37,,,,age_group(3); gender(3); sector(3); sub_indicator(4)
NSS79,24,Percentage of households possessing different assets as on date of survey,"{""indicator_code"": 24}",37,,,,sector(3); sub_indicator(2)
NSS79,25,Percentage of population having convenient access to transport facilities and all-weather roads,"{""indicator_code"": 25}",37,,,,sub_indicator(3)
NSS79,26,Percentage of persons of age less than 5 years who have registered with civil authority for the birth certificate ever,"{""indicator_code"": 26}",37,,,,gender(3); sector(3)
NSS79,27,Percentage of households using clean fuel for cooking,"{""indicator_code"": 27}",37,,,,sector(3)
NSS79,28,Percentage of households having access to improved principal sources of drinking water and improved latrine,"{""indicator_code"": 28}",37,,,,sector(3); sub_indicator(2)
NSS79,29,Persons (per 1000) aware of Ayush (age 15 years & above),"{""indicator_code"": 29}",37,,,,gender(3); sector(2)
NSS79,3,Mean years of schooling in formal education,"{""indicator_code"": 3}",37,,,,age_group(2); gender(3); sector(3)
NSS79,30,Persons (per 1000) used Ayush during last 365 days (age 15 years & above),"{""indicator_code"": 30}",37,,,,gender(3); sector(2)
NSS79,31,Persons (per 1000) using Ayush during last 365 days by type of treatment,"{""indicator_code"": 31}",37,,,,ayush_treatment_type(7); sector(2)
NSS79,32,Households (per 1000) reported at least one member of the household aware about AYUSH Therapy,"{""indicator_code"": 32}",37,,,,ayush_therapy(4); sector(2)
NSS79,33,Households (per 1000) reported at least one member of the household have knowledge about AYUSH Therapy,"{""indicator_code"": 33}",37,,,,ayush_therapy(4); sector(2)
NSS79,34,"Persons (per 1,000) availing Ayush treatment and average expenditure incurred per person for treatment","{""indicator_code"": 34}",37,,,,sector(2); sub_indicator(2)
NSS79,35,Proportion (per 1000) of households using Ayush by reason,"{""indicator_code"": 35}",37,,,,ayush_use_reason(17); sector(2)
NSS79,4,Percentage of persons of age 6 to 10 years currently enrolled in primary education (Class I to Class V),"{""indicator_code"": 4}",37,,,,gender(3); school_type(5); sector(3); sub_indicator(2)
NSS79,5,Percentage of persons (25 years and above) with some secondary education,"{""indicator_code"": 5}",37,,,,gender(3); sector(3)
NSS79,6,Percentage distribution of persons of age 6 to 18 years who never enrolled in formal education at the time of survey,"{""indicator_code"": 6}",37,,,,gender(3); major_reason(6); sector(3); sub_indicator(2)
NSS79,7,Percentage of persons graduated in science and technology among all graduates,"{""indicator_code"": 7}",37,,,,age_group(3); gender(3); sector(3)
NSS79,8,Percentage of youth in formal and non-formal education and training in the previous 12 months,"{""indicator_code"": 8}",37,,,,age_group(2); gender(3); sector(3)
NSS79,9,"Percentage of youth not in education, employment, or training","{""indicator_code"": 9}",37,,,,age_group(2); gender(3); sector(3)
NSS80,1,Percentage of persons who used mobile phone during last 3 months,"{""indicator_code"": 1}",37,,,,agegroup(3); gender(3); sector(3)
NSS80,10,"Percentage of persons who used copy and paste tools to duplicate or move data, information, documents, etc. during last three months","{""indicator_code"": 10}",37,,,,agegroup(3); gender(3); sector(3)
NSS80,11,Percentage of persons who created an electronic presentation during last three months,"{""indicator_code"": 11}",37,,,,agegroup(3); gender(3); sector(3)
NSS80,12,Percentage of persons able to create electronic documents with word processing software,"{""indicator_code"": 12}",37,,,,agegroup(3); gender(3); sector(3)
NSS80,13,Percentage of persons able to complain about cybercrime/ report cyber fraud in the cybercrime reporting portal,"{""indicator_code"": 13}",37,,,,agegroup(3); gender(3); sector(3)
NSS80,14,Percentage of persons who are able to send or receive email,"{""indicator_code"": 14}",37,,,,agegroup(3); gender(3); sector(3)
NSS80,15,Percentage of persons who reported the ability to perform online banking transactions,"{""indicator_code"": 15}",37,,,,agegroup(3); gender(3); sector(3)
NSS80,16,Percentage of persons who are able to perform online banking transactions by mode of transactions,"{""indicator_code"": 16}",37,,,,agegroup(3); gender(3); mode_of_transaction(3); sector(3)
NSS80,17,"Percentage of households possessing landline, mobile phone and optical fiber connectivity","{""indicator_code"": 17}",37,,,,mobile_household_assets(7); sector(3)
NSS80,18,Percentage of households with internet facility within household premises and percentage of households by type of internet service availed,"{""indicator_code"": 18}",37,,,,sector(3); type_of_network(3)
NSS80,19,Percentage of households without internet facility within household premises and percentage distribution of households by major reasons for not having internet facility within household premises,"{""indicator_code"": 19}",37,,,,major_reason(5); sector(3)
NSS80,2,Percentage of persons who used mobile phone during last three months,"{""indicator_code"": 2}",37,,,,agegroup(3); gender(3); mobile_type(3); sector(3)
NSS80,20,Percentage of households made online purchases of goods during last 30 days and distribution of type of goods purchased,"{""indicator_code"": 20}",37,,,,sector(3); type_of_goods(4)
NSS80,23,Distribution of students enrolled in school education by level of current enrolment,"{""indicator_code"": 23}",37,,,,gender(3); level_of_enrollment(5); sector(3)
NSS80,24,Distribution of students currently enrolled in school education by type of school,"{""indicator_code"": 24}",37,,,,gender(3); sector(3); type_of_school(4)
NSS80,25,Distribution of students currently enrolled in school education,"{""indicator_code"": 25}",37,,,,gender(3); level_of_enrollment(5); sector(3); type_of_school(4)
NSS80,28,Percentage of students reported expenditure on course fees by level of current enrolment,"{""indicator_code"": 28}",37,,,,gender(3); level_of_enrollment(6); sector(3)
NSS80,29,Percentage of students reported expenditure on course fees by type of school,"{""indicator_code"": 29}",37,,,,gender(3); sector(3); type_of_school(6)
NSS80,3,Percentage of persons who own a mobile phone as on date of the survey,"{""indicator_code"": 3}",37,,,,agegroup(3); gender(3); sector(3)
NSS80,30,Average expenditure (₹) per student on school education by level of current enrolment,"{""indicator_code"": 30}",37,,,,gender(3); level_of_enrollment(6); sector(3)
NSS80,31,Average expenditure (₹) per student on school education by type of school,"{""indicator_code"": 31}",37,,,,gender(3); sector(3); type_of_school(6)
NSS80,32,Average expenditure (₹) per student on school expenditure during the current academic year,"{""indicator_code"": 32}",37,,,,level_of_enrollment(5); sector(3); type_of_school(4)
NSS80,33,Average expenditure (₹) per student on school education by items of expenditure,"{""indicator_code"": 33}",37,,,,expenditure_item(6); gender(3); sector(3)
NSS80,34,Average expenditure (₹) per reported student on school education by level of current enrolment,"{""indicator_code"": 34}",37,,,,gender(3); level_of_enrollment(6); sector(3)
NSS80,35,Average expenditure (₹) per reported student on school education,"{""indicator_code"": 35}",37,,,,gender(3); sector(3); type_of_school(6)
NSS80,36,Average expenditure (₹) per reported student on school expenditure during the current academic year by type of school for each level of enrolment,"{""indicator_code"": 36}",37,,,,level_of_enrollment(5); sector(3); type_of_school(4)
NSS80,37,Average expenditure (₹) per reported student in school education,"{""indicator_code"": 37}",37,,,,expenditure_item(6); gender(3); sector(3)
NSS80,38,Percentage of students who were taking/had taken private coaching during the current academic year,"{""indicator_code"": 38}",37,,,,gender(3); level_of_enrollment(6); sector(3)
NSS80,39,Average expenditure (₹) on private coaching per student during the current academic year by level of current enrolment,"{""indicator_code"": 39}",37,,,,gender(3); level_of_enrollment(6); sector(3)
NSS80,4,Percentage of persons who own mobile phone,"{""indicator_code"": 4}",37,,,,agegroup(3); gender(3); mobile_type(3); sector(3)
NSS80,40,Average expenditure (₹) on private coaching per reported student during the current academic year by level of current enrolment,"{""indicator_code"": 40}",37,,,,gender(3); level_of_enrollment(6); sector(3)
NSS80,41,Percentage of students reported a single source of funding for their educational expenses and distribution of the first major source of funding for education expenditure,"{""indicator_code"": 41}",37,,,,gender(3); sector(3); sof(5)
NSS80,42,Percentage of households reporting erstwhile members currently attending school education along with average expenditure (₹) incurred per household and their distribution by number of such erstwhile members,"{""indicator_code"": 42}",37,,,,household_members(4); sector(3)
NSS80,5,"Percentage of persons who used internet, at least once, during last three months","{""indicator_code"": 5}",37,,,,agegroup(3); gender(3); sector(3)
NSS80,6,Percentage of persons who are able to use internet but did not use it during last three months by major reasons,"{""indicator_code"": 6}",0,,,,agegroup(3); gender(3); major_reason(7); sector(3)
NSS80,7,Percentage of persons who used internet at least once during last three months by frequency of internet use,"{""indicator_code"": 7}",37,,,,agegroup(3); gender(3); internet_access(3); sector(3)
NSS80,8,Percentage of persons who used internet at least once during last three months by type of portable device and portable network used,"{""indicator_code"": 8}",37,,,,agegroup(3); gender(3); sector(3); type_of_device_and_network(4)
NSS80,9,"Percentage of persons who sent message (e.g., e-mail, messaging service, SMS) with attached files (e.g., documents, pictures, video) during last three months","{""indicator_code"": 9}",37,,,,agegroup(3); gender(3); sector(3)
PLFS,1,"LFPR (Labour Force Participation Rate, in per cent)","{""frequency_code"": 1, ""indicator_code"": 1}",39,2017,2025,11,age(4); education(10); gender(3); religion(5); sector(3); social_category(5); weekly_status(2); year_type(2)
PLFS,2,"WPR (Worker Population Ratio, in per cent)","{""frequency_code"": 1, ""indicator_code"": 2}",39,2017,2025,11,age(4); education(10); gender(3); religion(5); sector(3); social_category(5); weekly_status(2); year_type(2)
PLFS,3,"UR (Unemployment Rate, in per cent)","{""frequency_code"": 1, ""indicator_code"": 3}",39,2017,2025,11,age(4); education(10); gender(3); religion(5); sector(3); social_category(5); weekly_status(2); year_type(2)
PLFS,4,Percentage distribution of workers,"{""frequency_code"": 1, ""indicator_code"": 4}",39,2017,2025,11,broad_industry_work(4); broad_status_employment(6); employee_contract(5); enterprise_size(6); enterprise_type(9); gender(3); industry_section(22); nco_division(11); nic_group(14); sector(3); weekly_status(2); year_type(2)
PLFS,5,Percentage of regular wage/ salaried employees with employment condition as,"{""frequency_code"": 1, ""indicator_code"": 5}",39,2017,2023,7,employee_contract(4); gender(3); sector(3)
PLFS,6,Average wage/salary earnings (Rs. 0.00) during the preceding calendar month from regular wage/salaried employment,"{""frequency_code"": 1, ""indicator_code"": 6}",39,2017,2025,11,gender(3); quarter(4); sector(3); year_type(2)
PLFS,7,Average wage earnings (Rs. 0.00) per day from casual labour work other than public works,"{""frequency_code"": 1, ""indicator_code"": 7}",39,2017,2025,11,gender(3); quarter(4); sector(3); year_type(2)
PLFS,8,Average gross earnings (Rs. 0.00) during last 30 days from self-employment,"{""frequency_code"": 1, ""indicator_code"": 8}",39,2017,2025,11,gender(3); quarter(4); sector(3); year_type(2)
PLFS,1,"LFPR (Labour Force Participation Rate, in per cent)","{""frequency_code"": 2, ""indicator_code"": 1}",23,2018,2026,9,age(3); gender(3); quarter(4); sector(3)
PLFS,2,"WPR (Worker Population Ratio, in per cent)","{""frequency_code"": 2, ""indicator_code"": 2}",23,2018,2026,9,age(3); gender(3); quarter(4); sector(3)
PLFS,3,"UR (Unemployment Rate, in per cent)","{""frequency_code"": 2, ""indicator_code"": 3}",23,2018,2026,9,age(3); gender(3); quarter(4); sector(3)
PLFS,4,Percentage distribution of workers,"{""frequency_code"": 2, ""indicator_code"": 4}",23,2018,2026,9,broad_industry_work(4); gender(3); nic_group(4); quarter(4); sector(3)
PLFS,1,"LFPR (Labour Force Participation Rate, in per cent)","{""frequency_code"": 3, ""indicator_code"": 1}",0,2025,2026,2,age(3); gender(3); month(12); sector(3)
PLFS,2,"WPR (Worker Population Ratio, in per cent)","{""frequency_code"": 3, ""indicator_code"": 2}",0,2025,2026,2,age(3); gender(3); month(12); sector(3)
PLFS,3,"UR (Unemployment Rate, in per cent)","{""frequency_code"": 3, ""indicator_code"": 3}",0,2025,2026,2,age(3); gender(3); month(12); sector(3)
RBI,1,Direction of Foreign Trade ‑ Rupees,"{""indicator_code"": 1}",0,2009,2024,16,country_group(9); trade(2)
RBI,10,India’s Overall Balance of Payments – Quarterly – Rupees,"{""indicator_code"": 10}",0,1990,2025,36,bop_overall(5); quarter(4); transaction_type(3)
RBI,11,Direction of Foreign Trade ‑ US Dollars,"{""indicator_code"": 11}",0,2009,2024,16,country_group(9); trade(2)
RBI,12,India's Foreign Trade ‑ US Dollars,"{""indicator_code"": 12}",0,1990,2025,36,month(12); trade(3)
RBI,13,India's Foreign Trade – Rupees,"{""indicator_code"": 13}",0,1990,2025,36,month(12); trade(3)
RBI,14,Invisibles by Category of Transactions – Rupees,"{""indicator_code"": 14}",0,1950,2024,75,category(5); sub_category(7); trade_category(2)
RBI,16,India's Foreign Trade ‑ US Dollars - Annual,"{""indicator_code"": 16}",0,1970,2024,55,category(3); trade(3)
RBI,17,India's Foreign Trade – Rupees-Annual,"{""indicator_code"": 17}",0,1970,2024,55,category(3); trade(3)
RBI,2,Exports of Select Commodities to Principal Countries ‑ Rupees,"{""indicator_code"": 2}",0,2013,2024,12,commodities(18); countries(45)
RBI,20,Exports of Select Commodities to Principal Countries ‑ US Dollars,"{""indicator_code"": 20}",0,2013,2024,12,commodities(18); countries(45)
RBI,22,Balance of Payments ‑ Indicators,"{""indicator_code"": 22}",0,1970,2024,55,balance_of_payments(5)
RBI,24,Broad Commodity Composition of India's Merchandise Trade ‑ Oil and Non oil Exports and Imports ‑ Rupees,"{""indicator_code"": 24}",0,1997,2025,29,category(2); month(12); trade(2)
RBI,25,India's External Debt ‑ US Dollars (End‑March),"{""indicator_code"": 25}",0,1991,2025,35,external_debt_agreement(14); external_debt_category(17); external_debt_institutions(12)
RBI,26,India's External Debt ‑ Rupees (End‑March),"{""indicator_code"": 26}",0,1991,2025,35,external_debt_agreement(14); external_debt_category(17); external_debt_institutions(12)
RBI,27,External Debt of India ‑ Quarterly,"{""indicator_code"": 27}",0,2021,2025,5,external_debt_items(9); external_debt_sector(6); external_debt_term(2); month(4)
RBI,28,Sale/ Purchase of U.S. Dollar by the RBI,"{""indicator_code"": 28}",0,1995,2025,31,month(12); transaction(7)
RBI,29,Forex Rates ‑ Month‑High / Month‑Low,"{""indicator_code"": 29}",0,1998,2024,27,currency(4); ex_rate_fluctuations(2); month(12)
RBI,30,Turnover in Foreign Exchange Market,"{""indicator_code"": 30}",0,1996,2025,30,conversion(4); market(3); month(12); trade_type(2)
RBI,31,"Exchange Rate of the Indian Rupee Vis‑A‑Vis the SDR, US Dollar, Pound Sterling, D.M./Euro and Japanese Yen (Financial Year ‑ Annual Average and End‑Year Rates)","{""indicator_code"": 31}",0,1970,2024,55,reference_rate(2)
RBI,32,"Exchange Rate of the Indian Rupee Vis‑a‑Vis the SDR, US Dollar, Pound Sterling, D.M./Euro and Japanese Yen (Calendar Year ‑ Annual Average)","{""indicator_code"": 32}",0,1970,2024,55,currency(5)
RBI,33,"Exchange Rate of the Indian Rupee vis-à-vis the SDR, US Dollar, Pound Sterling, Euro and Japanese Yen (Monthly Average and end-Month Rates)","{""indicator_code"": 33}",0,1992,2025,34,month(12); reference_rate(2)
RBI,34,Forward Premia (Inter‑Bank) (Monthly Average),"{""indicator_code"": 34}",0,1993,2025,33,month(12); period(3)
RBI,35,"Exchange Rate of the Indian Rupee vis-à-vis the SDR, US Dollar, Pound Sterling, Euro and Japanese Yen (High and Low During the Month)","{""indicator_code"": 35}",0,2008,2025,18,currency(5); ex_rate_fluctuations(2); month(12)
RBI,36,"Monthly Average Exchange Rates (EURO, GBP, JPY, USD)","{""indicator_code"": 36}",0,1966,2025,60,currency(4); month(12)
RBI,37,Monthly Average Exchange Rate (155 Currencies),"{""indicator_code"": 37}",0,2025,2025,1,currency_type(130); month(1)
RBI,4,India's Overall Balance of Payments ‑ Quarterly ‑ US Dollars,"{""indicator_code"": 4}",0,1990,2025,36,bop_overall(5); quarter(4); transaction_type(3)
RBI,40,NRI Deposits - Outstandings and Inflows(+) / Outflows(-),"{""indicator_code"": 40}",0,1997,2025,29,NRI_deposits_category(4); NRI_deposits_sub_indicator(2); month(12)
RBI,42,Broad Commodity Composition of India’s Merchandise Trade - Oil and Non-Oil Exports and Imports - US Dollar,"{""indicator_code"": 42}",0,1997,2025,29,category(2); month(12); trade(2)
RBI,43,EXPORTS OF MAJOR COMMODITIES - RUPEES,"{""indicator_code"": 43}",0,2009,2024,16,commodities(32)
RBI,44,EXPORTS OF MAJOR COMMODITIES - US Dollars,"{""indicator_code"": 44}",0,2009,2024,16,export_commodities(32)
RBI,45,Imports of Major Commodities - Rupees,"{""indicator_code"": 45}",0,2009,2024,16,import_commodities(32)
RBI,46,Imports of Major Commodities - US Dollars,"{""indicator_code"": 46}",0,2009,2024,16,import_commodities(32)
RBI,47,Foreign Exchange Reserve Monthly,"{""indicator_code"": 47}",0,1990,2025,36,foreign_exchange_reserve_currency(3); foreign_exchange_reserve_type(5); month(12)
RBI,48,Foreign Exchange Reserve Annual,"{""indicator_code"": 48}",0,1950,2024,75,foreign_exchange_reserve_currency(3); foreign_exchange_reserve_type(5)
RBI,5,India's Overall Balance of Payments ‑ US Dollars,"{""indicator_code"": 5}",0,1990,2024,35,bop_overall(5); transaction_type(3)
RBI,6,India's Overall Balance of Payments – Rupees,"{""indicator_code"": 6}",0,1990,2024,35,bop_overall(5); transaction_type(3)
RBI,7,Key Components of India's Balance of Payments – Rupees,"{""indicator_code"": 7}",0,1950,2024,75,components(11)
RBI,8,Key Components of India's Balance of Payments ‑ US Dollars,"{""indicator_code"": 8}",0,1950,2024,75,components(11)
RBI,9,Invisibles by Category of Transactions – US Dollars,"{""indicator_code"": 9}",0,1950,2024,75,category(5); sub_category(7); trade_category(2)
TUS,10,"Minutes spent in a day on an average per participant in unpaid activities, paid activities and other activtities as major activity (age 6 years and above)","{""indicator_code"": 10}",0,2019,2024,2,activity(21); age_group(5); gender(3); sector(3)
TUS,11,"Minutes spent in a day on an average per person in unpaid activities, paid activities and other activtities as a major activity (age 6 years and above)","{""indicator_code"": 11}",0,2019,2024,2,activity(21); age_group(5); gender(3); sector(3)
TUS,12,"Percentage of persons in unpaid activities, paid activities and other activtities irrespective of major activity (age 6 years and above)","{""indicator_code"": 12}",0,2019,2024,2,activity(21); age_group(5); gender(3); sector(3)
TUS,13,"Minutes spent in a day on an average per person in unpaid activities, paid activities and other activtities irrespective of major activity (age 6 years and above)","{""indicator_code"": 13}",0,2019,2024,2,activity(21); age_group(5); gender(3); sector(3)
TUS,14,"Minutes spent in a day on an average per participant in unpaid activities, paid activities and other activtities irrespective of major activity (age 6 years and above)","{""indicator_code"": 14}",0,2019,2024,2,activity(21); age_group(5); gender(3); sector(3)
TUS,15,Percentage of persons in different activity where the activity was a major activity for different usual principal activity status of the person (age 6 years and above),"{""indicator_code"": 15}",0,2019,2024,2,gender(3); icatus_activity(65); sector(3); usual_principal_activity(13)
TUS,16,Minutes spent in a day on an average per participant in different activity where the activity was a major activity for each usual principal activity status of the person (age 6 years and above),"{""indicator_code"": 16}",0,2019,2024,2,gender(3); icatus_activity(65); sector(3); usual_principal_activity(13)
TUS,17,Percentage of persons in different activity in a day irrespective of major activity for each usual principal activity status of the person (age 6 years and above),"{""indicator_code"": 17}",0,2019,2024,2,gender(3); icatus_activity(65); sector(3); usual_principal_activity(13)
TUS,18,Minutes spent in a day on an average per participant in different activity irrespective of major activity for each usual principal activity status of the person (age 6 years and above),"{""indicator_code"": 18}",0,2019,2024,2,gender(3); icatus_activity(65); sector(3); usual_principal_activity(13)
TUS,19,Percentage of persons in different activity as major activity in a day for each marital status of the person (age 6 years and above),"{""indicator_code"": 19}",0,2019,2024,2,gender(3); icatus_activity(65); marital_status(4); sector(3)
TUS,20,Minutes spent in a day on an average per participant in different activity as major activity for each marital status of the person (age 6 years and above),"{""indicator_code"": 20}",0,2019,2024,2,gender(3); icatus_activity(65); marital_status(4); sector(3)
TUS,21,Percentage of persons in different activity in a day irrespective of major activity for each marital status of the person (age 6 years and above),"{""indicator_code"": 21}",0,2019,2024,2,gender(3); icatus_activity(65); marital_status(4); sector(3)
TUS,22,Minutes spent in a day on an average per participant in different activity irrespective of major activity for each marital status of the person (age 6 years and above),"{""indicator_code"": 22}",0,2019,2024,2,gender(3); icatus_activity(65); marital_status(4); sector(3)
TUS,23,Percentage of persons in different activity as major activity in a day for different UMPCE quintile classes (age 6 years and above),"{""indicator_code"": 23}",0,2019,2024,2,gender(3); icatus_activity(65); quintile_class_of_umpce(6); sector(3)
TUS,24,Minutes spent in a day on an average per participant in different activity where the activity was done as a major activity for different UMPCE quintile classes (age 6 years and above),"{""indicator_code"": 24}",0,2019,2024,2,gender(3); icatus_activity(65); quintile_class_of_umpce(6); sector(3)
TUS,25,Percentage of persons in different activity irrespective of major activity in a day for different UMPCE quintile classes,"{""indicator_code"": 25}",0,2019,2024,2,gender(3); icatus_activity(65); quintile_class_of_umpce(6); sector(3)
TUS,26,Minutes spent in a day on an average per participant in different activity irrespective of major activity for different UMPCE quintile classes (age 6 years and above),"{""indicator_code"": 26}",0,2019,2024,2,gender(3); icatus_activity(65); quintile_class_of_umpce(6); sector(3)
TUS,27,Percentage of persons in different activity where the activity was a major activity for different level of education (age 6 years and above),"{""indicator_code"": 27}",0,2019,2024,2,gender(3); icatus_activity(65); level_of_education(9); sector(3)
TUS,28,Minutes spent in a day on an average per participant in different activity where the activity was performed as a major activity for different level of education (age 6 years and above),"{""indicator_code"": 28}",0,2019,2024,2,gender(3); icatus_activity(65); level_of_education(9); sector(3)
TUS,29,Percentage of persons in different activity irrespective of major activity for different level of education (age 6 years and above),"{""indicator_code"": 29}",0,2019,2024,2,gender(3); icatus_activity(65); level_of_education(9); sector(3)
TUS,30,Minutes spent in a day on an average per participant in different activity irrespective of major activity for different level of education (age 6 years and above),"{""indicator_code"": 30}",0,2019,2024,2,gender(3); icatus_activity(65); level_of_education(9); sector(3)
TUS,31,Percentage of persons in different activity as major activity in a day for different household social groups,"{""indicator_code"": 31}",0,2019,2024,2,gender(3); icatus_activity(65); sector(3); social_group(5)
TUS,32,Minutes spent in a day on an average per participant in different activity where the activity was done as a major activity for different household social groups (age 6 years and above),"{""indicator_code"": 32}",0,2019,2024,2,gender(3); icatus_activity(65); sector(3); social_group(5)
TUS,33,Percentage of persons in different activity irrespective of major activity in a day for different household social groups,"{""indicator_code"": 33}",0,2019,2024,2,gender(3); icatus_activity(65); sector(3); social_group(5)
TUS,34,Minutes spent in a day on an average per participant in different activity irrespective of major activity for different household social groups (age 6 years and above),"{""indicator_code"": 34}",0,2019,2024,2,gender(3); icatus_activity(65); sector(3); social_group(5)
TUS,35,"Percentage of persons and minutes in a day spent on an average per participant in SNA activities, Non-SNA activities and residual other activities where the activity was a major activity for each broad principal activity status (age 6 years and above)","{""indicator_code"": 35}",0,2019,2024,2,age_group(5); broad_principal_activity_status(4); gender(3); sector(3); sna_activity(4); sub_indicator(2)
TUS,36,"Percentage of persons and minutes spent in a day on an average per participant in SNA activities, Non-SNA activities and residual other activities irrespective of major activity for each broad principal activity status (age 6 years and above)","{""indicator_code"": 36}",0,2019,2024,2,age_group(5); broad_principal_activity_status(4); gender(3); sector(3); sna_activity(4); sub_indicator(2)
TUS,37,"Percentage of persons and minutes in a day spent on an average per participant of different age groups in SNA activites,Non-SNA activities and residual Residual other activities where the activity was a major activity by type of the day","{""indicator_code"": 37}",0,2019,2024,2,age_group(5); day_of_week(3); gender(3); sector(3); sna_activity(4); sub_indicator(2)
TUS,38,"Percentage of persons and minutes in a day spent on an average per participant of different age groups in SNA activities, Non-SNA activities and residual Residual other activities irrespective of major activity by type of the day","{""indicator_code"": 38}",0,2019,2024,2,age_group(5); day_of_week(3); gender(3); sector(3); sna_activity(4); sub_indicator(2)
TUS,39,Percentage of persons in different unpaid and paid activities where the activity was a major activity by place of activity (age 6 years and above),"{""indicator_code"": 39}",0,2019,2024,2,activity(3); gender(3); place_of_activity(4); sector(3)
TUS,4,Percentage of persons in different activity in a day as major activity (age 6 years and above),"{""indicator_code"": 4}",0,2019,2024,2,age_group(5); day_of_week(4); gender(3); icatus_activity(230); sector(3)
TUS,40,Minutes in a day spent on an average per participant in different unpaid and paid activities where the activity was a major activity by place of activity (age 6 years and above),"{""indicator_code"": 40}",0,2019,2024,2,activity(3); gender(3); place_of_activity(4); sector(3)
TUS,41,"Percentage of persons and minutes spent in a day on an average per person /per participant in unpaid activities, paid activities and other activities where the activity was a major activity (age 6 years and above)","{""indicator_code"": 41}",0,2019,2024,2,activity(6); age_group(5); gender(3); sector(3); sub_indicator(3)
TUS,42,"Percentage of persons and minutes spent in a day on an average per person/per participant in unpaid activites, paid activites and other activities irrespective of major activity (age 6 years and above)","{""indicator_code"": 42}",0,2019,2024,2,activity(6); age_group(5); gender(3); sector(3); sub_indicator(3)
TUS,43,"Percentage of persons and minutes spent in a day on an average per person/per participant for each household social group in unpaid activites, paid activites and other activites where the activity was a major activity all-India(age 6 years and above)","{""indicator_code"": 43}",0,2019,2024,2,activity(6); gender(3); sector(3); social_group(5); sub_indicator(3)
TUS,44,"Percentage of persons and minutes spent in a day on an average per person/per participant for each household social group in unpaid activities, paid activities and other activities irrespective of major activity (age 6 years and above)","{""indicator_code"": 44}",0,2019,2024,2,activity(6); gender(3); sector(3); social_group(5); sub_indicator(3)
TUS,5,Minutes spent on an average per participant in different activity in a day as major activity (age 6 years and above),"{""indicator_code"": 5}",0,2019,2024,2,age_group(5); day_of_week(3); gender(3); icatus_activity(230); sector(3)
TUS,6,Percentage of persons in different activity in a day irrespective of major activity (age 6 years and above),"{""indicator_code"": 6}",0,2019,2024,2,age_group(5); gender(3); icatus_activity(230); sector(3)
TUS,7,Minutes spent on an average per participant in different activity in a day irrespective of major activity,"{""indicator_code"": 7}",0,2019,2024,2,age_group(5); gender(3); icatus_activity(230); sector(3)
TUS,8,Minutes spent on an average per person in different activity in a day irrespective of major activity,"{""indicator_code"": 8}",0,2019,2024,2,age_group(5); gender(3); icatus_activity(230); sector(3)
TUS,9,"Percentage of persons in unpaid activities, paid activities and other activities as major activity (age 6 years and above)","{""indicator_code"": 9}",0,2019,2024,2,activity(21); age_group(5); gender(3); sector(3)
UDISE,1,Total number of School,"{""indicator_code"": 1}",38,2018,2024,7,
UDISE,10,Schools with Zero Enrolments,"{""indicator_code"": 10}",38,2018,2024,7,
UDISE,11,Teachers in schools having zero Enrolments,"{""indicator_code"": 11}",38,2018,2024,7,
UDISE,12,Schools with Single Teachers,"{""indicator_code"": 12}",38,2018,2024,7,
UDISE,13,Enrolments in Single Teacher Schools,"{""indicator_code"": 13}",38,2018,2024,7,
UDISE,14,Percentage of Schools having Enrolments across various Enrolment brackets,"{""indicator_code"": 14}",38,2018,2024,7,enrolement_bracket(15)
UDISE,15,Proportion of Enrolments to Total Enrolments (Pre-Primary to Higher Secondary),"{""indicator_code"": 15}",38,2018,2024,7,social_group(5)
UDISE,16,Number of Schools having infrastructure facility,"{""indicator_code"": 16}",38,2018,2024,7,infrastructure_facility(21)
UDISE,18,Number of schools by level of school education,"{""indicator_code"": 18}",38,2018,2024,7,level_of_education(4)
UDISE,19,Number of schools by management and school category,"{""indicator_code"": 19}",38,2018,2024,7,level_of_education(10); type_of_management(5)
UDISE,2,Total number of Enrolments,"{""indicator_code"": 2}",38,2018,2024,7,
UDISE,20,Number of schools with having AWC or Pre-Primary Sections,"{""indicator_code"": 20}",38,2018,2024,7,category(3); type_of_management(5)
UDISE,21,Number of Teachers (All Management),"{""indicator_code"": 21}",38,2018,2024,7,level_of_education(4)
UDISE,22,Number of teachers by management,"{""indicator_code"": 22}",38,2018,2024,7,level_of_education(10); type_of_management(5)
UDISE,23,Pupil Teacher Ratio by level of education,"{""indicator_code"": 23}",38,2018,2024,7,level_of_education(4)
UDISE,24,"Number of teachers by management, gender and classes taught","{""indicator_code"": 24}",38,2018,2024,7,class(10); gender(3); type_of_management(5)
UDISE,25,Percentage of Trained Teachers (All Management),"{""indicator_code"": 25}",38,2018,2024,7,gender(3); level_of_education(5)
UDISE,26,Percentage of Professionally Qualified Teachers (All Management),"{""indicator_code"": 26}",38,2018,2024,7,gender(3); level_of_education(5)
UDISE,28,Enrolment of Students,"{""indicator_code"": 28}",38,2018,2024,7,gender(3); level_of_education(8); type_of_management(5)
UDISE,29,Children With Special Needs (CWSN) enrolment,"{""indicator_code"": 29}",38,2018,2024,7,gender(3); level_of_education(8)
UDISE,3,Total number of Teachers,"{""indicator_code"": 3}",38,2018,2024,7,
UDISE,30,New admission of students in class 1 who have pre-school experience,"{""indicator_code"": 30}",38,2018,2024,7,gender(3); sub_indicator(4); type_of_management(5)
UDISE,31,Gross Enrolment Ratio (GER),"{""indicator_code"": 31}",38,2018,2024,7,gender(3); level_of_education(5); social_group(3)
UDISE,32,Net Enrolment Rate (NER),"{""indicator_code"": 32}",38,2018,2024,7,gender(3); level_of_education(5)
UDISE,33,Adjusted Net Enrolment Rate (ANER),"{""indicator_code"": 33}",38,2018,2024,7,gender(3); level_of_education(4)
UDISE,34,Age-Specific Enrolment Rate (ASER),"{""indicator_code"": 34}",38,2018,2024,7,age_group(5); gender(3)
UDISE,35,Gender Parity Index (GPI) of GER,"{""indicator_code"": 35}",38,2018,2024,7,level_of_education(5)
UDISE,36,Percentage of OBC enrolment to total enrolment,"{""indicator_code"": 36}",38,2018,2024,7,gender(3); level_of_education(6)
UDISE,37,Percentage of Muslim minority enrolment to total enrolment,"{""indicator_code"": 37}",38,2018,2024,7,gender(3); level_of_education(6)
UDISE,38,Percentage of all minority groups’ enrolment to total enrolment,"{""indicator_code"": 38}",38,2018,2024,7,gender(3); level_of_education(6)
UDISE,39,Promotion Rate,"{""indicator_code"": 39}",38,2018,2024,7,gender(3); level_of_education(3)
UDISE,4,Percentage Share of Schools by Category,"{""indicator_code"": 4}",38,2018,2024,7,level_of_education(4)
UDISE,40,Repetition Rate,"{""indicator_code"": 40}",38,2018,2024,7,gender(3); level_of_education(3)
UDISE,41,Dropout Rate,"{""indicator_code"": 41}",38,2018,2024,7,gender(3); level_of_education(3)
UDISE,42,Transition Rate,"{""indicator_code"": 42}",38,2018,2024,7,gender(3); level_of_education(3)
UDISE,43,Retention Rate,"{""indicator_code"": 43}",38,2018,2024,7,gender(3); level_of_education(4)
UDISE,45,Number of schools having drinking water facility within school premises – all types of management,"{""indicator_code"": 45}",38,2018,2024,7,source_of_drinking_water(7); sub_indicator(4); type_of_management(5)
UDISE,46,Number of Books available in Library/Book Bank/Reading Corner per School,"{""indicator_code"": 46}",38,2018,2024,7,
UDISE,47,Details on Educational Parameters by Management,"{""indicator_code"": 47}",38,2018,2024,7,sub_indicator(13); type_of_management(9)
UDISE,48,Details on Computers & Digital Initiatives,"{""indicator_code"": 48}",38,2018,2024,7,sub_indicator(10); type_of_management(5)
UDISE,49,School having ICT Labs,"{""indicator_code"": 49}",38,2018,2024,7,facility_of_labs(3); sub_indicator(4)
UDISE,5,Percentage Share of Enrolments by level,"{""indicator_code"": 5}",38,2018,2024,7,level_of_education(4)
UDISE,6,Percentage Share of Teachers by School Category,"{""indicator_code"": 6}",38,2018,2024,7,level_of_education(4)
UDISE,7,Pupil Teacher Ratio,"{""indicator_code"": 7}",38,2018,2024,7,
UDISE,8,Average Teachers Per School,"{""indicator_code"": 8}",38,2018,2024,7,
UDISE,9,Average Enrolments Per School,"{""indicator_code"": 9}",38,2018,2024,7,
WPI,,,"{""base_year"": ""2011-12""}",0,2012,2026,15,group(29); item(697); major_group(5); month(12); sub_group(134); sub_sub_group(4)
WPI,,,"{""base_year"": ""2022-23""}",0,2023,2026,4,group(29); item(953); major_group(5); month(12); sub_group(142); sub_sub_group(8)
